"","doseA","doseB","tie"
"1",419,427,54
"2",439,391,70
"3",414,393,93
"4",486,337,77
"5",321,499,80
"6",381,431,88
"7",469,367,64
"8",367,441,92
"9",533,308,59
"10",534,282,84
"11",431,374,95
"12",496,310,94
"13",327,509,64
"14",364,429,107
"15",339,475,86
"16",357,469,74
"17",359,476,65
"18",345,489,66
"19",400,445,55
"20",278,556,66
"21",269,573,58
"22",485,345,70
"23",369,448,83
"24",358,481,61
"25",449,374,77
"26",425,366,109
"27",410,418,72
"28",457,350,93
"29",450,375,75
"30",440,382,78
"31",405,434,61
"32",343,466,91
"33",500,316,84
"34",317,517,66
"35",510,330,60
"36",442,403,55
"37",407,432,61
"38",514,297,89
"39",400,428,72
"40",436,388,76
"41",504,313,83
"42",406,423,71
"43",372,460,68
"44",467,367,66
"45",443,388,69
"46",542,264,94
"47",426,393,81
"48",444,394,62
"49",370,448,82
"50",419,420,61
"51",379,426,95
"52",625,220,55
"53",388,445,67
"54",430,407,63
"55",309,524,67
"56",516,312,72
"57",245,589,66
"58",413,416,71
"59",300,526,74
"60",455,365,80
"61",386,434,80
"62",345,472,83
"63",424,406,70
"64",478,322,100
"65",351,468,81
"66",484,319,97
"67",418,385,97
"68",402,433,65
"69",458,341,101
"70",308,497,95
"71",507,327,66
"72",412,411,77
"73",415,411,74
"74",412,410,78
"75",383,447,70
"76",366,474,60
"77",528,287,85
"78",478,305,117
"79",397,429,74
"80",414,417,69
"81",374,459,67
"82",374,421,105
"83",375,452,73
"84",438,391,71
"85",410,397,93
"86",357,470,73
"87",385,437,78
"88",324,492,84
"89",565,267,68
"90",562,264,74
"91",446,363,91
"92",435,402,63
"93",349,490,61
"94",366,472,62
"95",444,385,71
"96",281,544,75
"97",337,472,91
"98",430,397,73
"99",414,410,76
"100",474,362,64
"101",332,493,75
"102",393,448,59
"103",394,426,80
"104",463,361,76
"105",427,401,72
"106",330,505,65
"107",349,437,114
"108",189,663,48
"109",480,344,76
"110",398,423,79
"111",444,401,55
"112",282,523,95
"113",432,379,89
"114",416,405,79
"115",251,594,55
"116",332,485,83
"117",475,360,65
"118",397,431,72
"119",403,382,115
"120",547,274,79
"121",460,367,73
"122",379,448,73
"123",415,413,72
"124",549,285,66
"125",317,520,63
"126",371,445,84
"127",460,357,83
"128",332,494,74
"129",480,366,54
"130",470,327,103
"131",427,379,94
"132",390,430,80
"133",412,406,82
"134",344,496,60
"135",435,373,92
"136",388,430,82
"137",354,469,77
"138",376,458,66
"139",362,452,86
"140",297,528,75
"141",408,420,72
"142",451,401,48
"143",437,373,90
"144",269,558,73
"145",423,415,62
"146",328,464,108
"147",306,527,67
"148",404,431,65
"149",468,370,62
"150",361,467,72
"151",533,270,97
"152",388,392,120
"153",393,437,70
"154",360,441,99
"155",377,456,67
"156",414,404,82
"157",443,391,66
"158",430,382,88
"159",432,391,77
"160",407,412,81
"161",397,425,78
"162",553,290,57
"163",391,432,77
"164",360,462,78
"165",379,429,92
"166",422,409,69
"167",305,521,74
"168",471,349,80
"169",380,454,66
"170",458,378,64
"171",505,297,98
"172",498,319,83
"173",490,346,64
"174",362,463,75
"175",536,278,86
"176",406,416,78
"177",401,377,122
"178",390,430,80
"179",375,457,68
"180",390,413,97
"181",407,407,86
"182",399,430,71
"183",386,445,69
"184",377,440,83
"185",323,513,64
"186",296,539,65
"187",460,346,94
"188",377,429,94
"189",467,360,73
"190",395,429,76
"191",387,434,79
"192",462,374,64
"193",470,367,63
"194",373,458,69
"195",513,312,75
"196",450,376,74
"197",464,386,50
"198",447,375,78
"199",366,416,118
"200",235,574,91
"201",394,437,69
"202",341,482,77
"203",399,415,86
"204",438,363,99
"205",345,482,73
"206",325,492,83
"207",416,415,69
"208",438,384,78
"209",443,364,93
"210",359,478,63
"211",514,323,63
"212",387,432,81
"213",317,505,78
"214",481,360,59
"215",501,327,72
"216",434,386,80
"217",493,321,86
"218",285,534,81
"219",369,438,93
"220",388,434,78
"221",479,361,60
"222",517,300,83
"223",453,367,80
"224",384,457,59
"225",439,391,70
"226",276,531,93
"227",418,398,84
"228",506,323,71
"229",437,397,66
"230",354,481,65
"231",405,424,71
"232",385,452,63
"233",359,455,86
"234",375,456,69
"235",390,425,85
"236",329,504,67
"237",460,380,60
"238",391,453,56
"239",309,508,83
"240",414,414,72
"241",447,376,77
"242",390,445,65
"243",321,492,87
"244",428,405,67
"245",362,461,77
"246",450,361,89
"247",339,469,92
"248",342,478,80
"249",463,364,73
"250",429,383,88
"251",413,416,71
"252",424,383,93
"253",398,445,57
"254",429,401,70
"255",432,390,78
"256",511,336,53
"257",393,422,85
"258",349,470,81
"259",320,504,76
"260",521,309,70
"261",410,391,99
"262",380,438,82
"263",470,335,95
"264",412,393,95
"265",487,331,82
"266",417,424,59
"267",334,490,76
"268",300,472,128
"269",510,309,81
"270",570,242,88
"271",464,353,83
"272",493,344,63
"273",428,400,72
"274",461,360,79
"275",445,362,93
"276",345,429,126
"277",420,392,88
"278",281,538,81
"279",460,364,76
"280",449,334,117
"281",303,521,76
"282",437,390,73
"283",390,428,82
"284",360,468,72
"285",481,341,78
"286",375,474,51
"287",433,413,54
"288",459,376,65
"289",396,436,68
"290",338,490,72
"291",430,390,80
"292",489,337,74
"293",401,418,81
"294",446,375,79
"295",414,419,67
"296",271,547,82
"297",499,332,69
"298",427,377,96
"299",357,479,64
"300",517,307,76
"301",495,318,87
"302",385,422,93
"303",412,420,68
"304",402,407,91
"305",360,444,96
"306",411,372,117
"307",515,316,69
"308",508,338,54
"309",425,381,94
"310",323,470,107
"311",431,384,85
"312",402,439,59
"313",432,406,62
"314",345,476,79
"315",389,437,74
"316",387,433,80
"317",513,281,106
"318",320,490,90
"319",398,422,80
"320",309,529,62
"321",501,317,82
"322",367,458,75
"323",494,338,68
"324",438,385,77
"325",439,383,78
"326",412,422,66
"327",462,351,87
"328",390,428,82
"329",461,365,74
"330",504,318,78
"331",445,370,85
"332",421,366,113
"333",316,518,66
"334",439,373,88
"335",430,400,70
"336",328,466,106
"337",240,579,81
"338",322,505,73
"339",449,395,56
"340",487,343,70
"341",436,385,79
"342",399,420,81
"343",409,413,78
"344",377,406,117
"345",487,332,81
"346",344,479,77
"347",460,376,64
"348",273,539,88
"349",469,349,82
"350",373,434,93
"351",407,410,83
"352",371,434,95
"353",437,386,77
"354",343,488,69
"355",301,524,75
"356",531,284,85
"357",381,456,63
"358",404,416,80
"359",422,416,62
"360",442,395,63
"361",410,424,66
"362",455,364,81
"363",399,429,72
"364",409,421,70
"365",301,480,119
"366",404,413,83
"367",449,361,90
"368",400,439,61
"369",391,412,97
"370",453,370,77
"371",370,449,81
"372",387,428,85
"373",365,454,81
"374",357,465,78
"375",398,424,78
"376",297,529,74
"377",328,507,65
"378",409,419,72
"379",419,388,93
"380",433,409,58
"381",370,454,76
"382",415,414,71
"383",470,372,58
"384",387,435,78
"385",494,340,66
"386",499,320,81
"387",356,476,68
"388",387,428,85
"389",372,435,93
"390",375,424,101
"391",393,441,66
"392",443,396,61
"393",567,269,64
"394",398,406,96
"395",441,383,76
"396",411,389,100
"397",472,313,115
"398",478,350,72
"399",439,389,72
"400",398,435,67
"401",368,436,96
"402",478,323,99
"403",419,416,65
"404",439,389,72
"405",313,477,110
"406",408,405,87
"407",572,249,79
"408",374,462,64
"409",556,271,73
"410",539,297,64
"411",303,512,85
"412",394,414,92
"413",448,375,77
"414",307,514,79
"415",429,367,104
"416",350,464,86
"417",500,331,69
"418",365,447,88
"419",353,480,67
"420",387,436,77
"421",434,369,97
"422",403,428,69
"423",335,499,66
"424",410,417,73
"425",345,490,65
"426",315,509,76
"427",474,348,78
"428",590,246,64
"429",299,533,68
"430",391,444,65
"431",429,395,76
"432",316,524,60
"433",452,367,81
"434",265,564,71
"435",375,442,83
"436",452,369,79
"437",466,363,71
"438",393,444,63
"439",373,434,93
"440",413,374,113
"441",366,478,56
"442",435,402,63
"443",407,417,76
"444",428,394,78
"445",257,581,62
"446",287,550,63
"447",368,461,71
"448",276,557,67
"449",464,347,89
"450",284,547,69
"451",417,413,70
"452",359,452,89
"453",385,418,97
"454",409,411,80
"455",506,331,63
"456",416,400,84
"457",387,446,67
"458",388,443,69
"459",296,530,74
"460",340,490,70
"461",437,396,67
"462",333,492,75
"463",413,427,60
"464",397,428,75
"465",326,498,76
"466",488,342,70
"467",361,427,112
"468",502,314,84
"469",417,400,83
"470",535,286,79
"471",404,414,82
"472",401,416,83
"473",402,402,96
"474",408,430,62
"475",379,456,65
"476",459,370,71
"477",463,312,125
"478",412,403,85
"479",321,521,58
"480",482,340,78
"481",436,383,81
"482",371,449,80
"483",353,467,80
"484",412,389,99
"485",364,459,77
"486",459,374,67
"487",386,441,73
"488",385,424,91
"489",382,445,73
"490",397,430,73
"491",382,444,74
"492",437,398,65
"493",408,419,73
"494",346,483,71
"495",398,438,64
"496",453,349,98
"497",383,433,84
"498",464,379,57
"499",389,447,64
"500",421,425,54
"501",432,382,86
"502",301,540,59
"503",456,308,136
"504",456,358,86
"505",392,430,78
"506",358,473,69
"507",636,175,89
"508",415,405,80
"509",251,552,97
"510",364,440,96
"511",352,483,65
"512",441,381,78
"513",440,388,72
"514",483,326,91
"515",459,363,78
"516",436,393,71
"517",508,313,79
"518",336,497,67
"519",355,463,82
"520",440,389,71
"521",404,403,93
"522",467,366,67
"523",460,352,88
"524",327,487,86
"525",485,343,72
"526",381,435,84
"527",434,372,94
"528",432,393,75
"529",438,403,59
"530",436,390,74
"531",439,375,86
"532",347,503,50
"533",359,437,104
"534",343,476,81
"535",459,349,92
"536",275,532,93
"537",418,424,58
"538",488,322,90
"539",426,405,69
"540",507,330,63
"541",332,482,86
"542",366,433,101
"543",448,368,84
"544",441,395,64
"545",361,449,90
"546",459,359,82
"547",281,529,90
"548",542,270,88
"549",553,280,67
"550",410,403,87
"551",425,397,78
"552",448,362,90
"553",445,384,71
"554",414,403,83
"555",419,383,98
"556",484,340,76
"557",557,275,68
"558",526,323,51
"559",543,266,91
"560",358,460,82
"561",572,252,76
"562",454,369,77
"563",384,436,80
"564",288,549,63
"565",495,323,82
"566",350,475,75
"567",376,454,70
"568",385,430,85
"569",427,385,88
"570",483,332,85
"571",549,262,89
"572",379,430,91
"573",507,325,68
"574",400,430,70
"575",435,392,73
"576",499,323,78
"577",429,391,80
"578",415,399,86
"579",437,374,89
"580",278,547,75
"581",402,411,87
"582",435,405,60
"583",406,423,71
"584",365,434,101
"585",350,488,62
"586",454,370,76
"587",484,362,54
"588",365,449,86
"589",416,399,85
"590",387,434,79
"591",388,422,90
"592",419,390,91
"593",221,602,77
"594",458,380,62
"595",376,443,81
"596",379,444,77
"597",352,473,75
"598",386,443,71
"599",552,278,70
"600",418,404,78
"601",392,428,80
"602",558,266,76
"603",429,399,72
"604",335,497,68
"605",410,404,86
"606",368,434,98
"607",548,272,80
"608",416,394,90
"609",483,331,86
"610",364,472,64
"611",282,573,45
"612",386,437,77
"613",374,429,97
"614",329,508,63
"615",363,459,78
"616",481,348,71
"617",347,481,72
"618",475,340,85
"619",425,400,75
"620",453,360,87
"621",430,369,101
"622",446,382,72
"623",369,446,85
"624",402,411,87
"625",363,455,82
"626",494,330,76
"627",407,408,85
"628",465,361,74
"629",432,383,85
"630",263,573,64
"631",369,457,74
"632",443,363,94
"633",364,464,72
"634",443,368,89
"635",442,393,65
"636",456,384,60
"637",385,454,61
"638",310,511,79
"639",429,386,85
"640",353,466,81
"641",452,382,66
"642",419,413,68
"643",414,407,79
"644",508,302,90
"645",415,398,87
"646",442,395,63
"647",450,382,68
"648",282,558,60
"649",463,370,67
"650",460,373,67
"651",435,383,82
"652",394,409,97
"653",459,377,64
"654",428,417,55
"655",361,452,87
"656",451,362,87
"657",525,291,84
"658",356,486,58
"659",363,458,79
"660",404,425,71
"661",409,404,87
"662",371,438,91
"663",418,392,90
"664",439,399,62
"665",394,419,87
"666",422,402,76
"667",448,381,71
"668",344,474,82
"669",386,446,68
"670",401,438,61
"671",427,395,78
"672",337,469,94
"673",455,382,63
"674",356,473,71
"675",521,322,57
"676",325,482,93
"677",401,421,78
"678",488,325,87
"679",529,302,69
"680",436,377,87
"681",461,376,63
"682",347,488,65
"683",443,387,70
"684",340,472,88
"685",360,445,95
"686",329,488,83
"687",529,301,70
"688",393,439,68
"689",339,485,76
"690",394,435,71
"691",398,415,87
"692",405,399,96
"693",465,379,56
"694",348,464,88
"695",396,415,89
"696",328,494,78
"697",376,443,81
"698",390,441,69
"699",370,422,108
"700",399,419,82
"701",347,474,79
"702",293,539,68
"703",349,465,86
"704",448,355,97
"705",344,482,74
"706",478,316,106
"707",410,398,92
"708",341,476,83
"709",445,377,78
"710",387,436,77
"711",343,478,79
"712",412,421,67
"713",347,479,74
"714",443,386,71
"715",370,471,59
"716",312,496,92
"717",566,277,57
"718",449,374,77
"719",332,493,75
"720",399,439,62
"721",392,390,118
"722",414,420,66
"723",474,362,64
"724",310,518,72
"725",313,507,80
"726",330,526,44
"727",417,371,112
"728",381,463,56
"729",423,383,94
"730",298,540,62
"731",407,426,67
"732",309,530,61
"733",455,376,69
"734",367,471,62
"735",518,318,64
"736",440,364,96
"737",396,406,98
"738",430,402,68
"739",487,335,78
"740",449,372,79
"741",449,382,69
"742",349,467,84
"743",368,441,91
"744",270,547,83
"745",442,375,83
"746",456,366,78
"747",464,373,63
"748",471,346,83
"749",369,463,68
"750",376,439,85
"751",360,462,78
"752",379,439,82
"753",582,250,68
"754",427,407,66
"755",298,525,77
"756",429,389,82
"757",443,394,63
"758",358,438,104
"759",359,453,88
"760",264,565,71
"761",416,428,56
"762",523,313,64
"763",291,542,67
"764",411,402,87
"765",400,416,84
"766",416,413,71
"767",395,436,69
"768",287,551,62
"769",363,469,68
"770",414,422,64
"771",495,344,61
"772",392,445,63
"773",436,412,52
"774",439,378,83
"775",406,378,116
"776",425,391,84
"777",536,294,70
"778",507,302,91
"779",488,353,59
"780",351,492,57
"781",443,370,87
"782",402,424,74
"783",365,441,94
"784",474,357,69
"785",334,493,73
"786",387,443,70
"787",535,277,88
"788",444,383,73
"789",479,338,83
"790",439,413,48
"791",335,463,102
"792",364,461,75
"793",501,347,52
"794",604,257,39
"795",379,435,86
"796",439,382,79
"797",236,575,89
"798",508,317,75
"799",385,444,71
"800",364,459,77
"801",437,379,84
"802",434,376,90
"803",474,353,73
"804",511,317,72
"805",540,286,74
"806",404,435,61
"807",473,340,87
"808",373,462,65
"809",488,334,78
"810",325,512,63
"811",440,382,78
"812",369,435,96
"813",468,381,51
"814",415,397,88
"815",423,389,88
"816",413,408,79
"817",437,386,77
"818",426,395,79
"819",389,434,77
"820",410,402,88
"821",475,379,46
"822",377,452,71
"823",420,435,45
"824",497,325,78
"825",321,517,62
"826",500,305,95
"827",350,460,90
"828",417,416,67
"829",252,593,55
"830",402,425,73
"831",279,554,67
"832",461,375,64
"833",434,395,71
"834",397,441,62
"835",462,360,78
"836",481,350,69
"837",390,427,83
"838",434,385,81
"839",463,367,70
"840",473,357,70
"841",421,401,78
"842",457,390,53
"843",343,489,68
"844",427,413,60
"845",442,374,84
"846",402,431,67
"847",406,412,82
"848",320,492,88
"849",405,422,73
"850",389,387,124
"851",461,345,94
"852",348,464,88
"853",327,495,78
"854",305,513,82
"855",412,422,66
"856",383,443,74
"857",361,473,66
"858",439,377,84
"859",621,217,62
"860",299,532,69
"861",398,421,81
"862",436,391,73
"863",447,376,77
"864",373,456,71
"865",370,435,95
"866",488,338,74
"867",438,373,89
"868",420,373,107
"869",407,406,87
"870",363,428,109
"871",459,358,83
"872",485,350,65
"873",418,399,83
"874",438,370,92
"875",360,451,89
"876",471,345,84
"877",331,469,100
"878",433,366,101
"879",355,467,78
"880",350,478,72
"881",491,324,85
"882",465,370,65
"883",451,385,64
"884",281,543,76
"885",402,422,76
"886",439,389,72
"887",305,527,68
"888",408,404,88
"889",388,428,84
"890",411,412,77
"891",358,461,81
"892",373,450,77
"893",441,390,69
"894",393,452,55
"895",404,422,74
"896",366,438,96
"897",402,410,88
"898",378,431,91
"899",391,425,84
"900",396,443,61
"901",403,400,97
"902",299,516,85
"903",462,387,51
"904",424,405,71
"905",478,354,68
"906",481,354,65
"907",414,402,84
"908",424,396,80
"909",384,415,101
"910",423,389,88
"911",407,411,82
"912",351,490,59
"913",396,432,72
"914",282,538,80
"915",365,399,136
"916",397,431,72
"917",352,481,67
"918",422,418,60
"919",345,479,76
"920",507,310,83
"921",485,344,71
"922",526,307,67
"923",349,479,72
"924",476,335,89
"925",387,415,98
"926",239,601,60
"927",354,462,84
"928",449,369,82
"929",323,492,85
"930",408,405,87
"931",413,368,119
"932",414,394,92
"933",422,403,75
"934",299,531,70
"935",418,380,102
"936",386,427,87
"937",471,357,72
"938",383,439,78
"939",411,397,92
"940",470,353,77
"941",442,392,66
"942",294,510,96
"943",379,437,84
"944",331,457,112
"945",393,427,80
"946",404,425,71
"947",473,364,63
"948",462,347,91
"949",412,396,92
"950",395,434,71
"951",420,406,74
"952",368,463,69
"953",517,336,47
"954",429,404,67
"955",235,598,67
"956",373,441,86
"957",382,456,62
"958",479,340,81
"959",407,419,74
"960",515,304,81
"961",451,391,58
"962",423,400,77
"963",496,294,110
"964",454,363,83
"965",477,331,92
"966",317,519,64
"967",463,353,84
"968",503,322,75
"969",520,308,72
"970",417,409,74
"971",330,514,56
"972",439,359,102
"973",410,428,62
"974",394,434,72
"975",398,414,88
"976",420,404,76
"977",358,416,126
"978",373,458,69
"979",442,389,69
"980",360,458,82
"981",419,405,76
"982",457,352,91
"983",366,442,92
"984",399,440,61
"985",393,398,109
"986",488,344,68
"987",312,522,66
"988",422,417,61
"989",495,351,54
"990",463,375,62
"991",384,438,78
"992",454,345,101
"993",477,355,68
"994",310,514,76
"995",334,480,86
"996",391,440,69
"997",450,386,64
"998",313,525,62
"999",306,513,81
"1000",386,401,113
"1001",427,402,71
"1002",359,482,59
"1003",357,492,51
"1004",454,370,76
"1005",369,463,68
"1006",428,385,87
"1007",454,360,86
"1008",441,403,56
"1009",293,502,105
"1010",374,474,52
"1011",405,446,49
"1012",346,466,88
"1013",335,462,103
"1014",466,370,64
"1015",465,351,84
"1016",359,459,82
"1017",504,311,85
"1018",476,350,74
"1019",470,356,74
"1020",352,470,78
"1021",401,405,94
"1022",495,346,59
"1023",411,402,87
"1024",362,465,73
"1025",410,408,82
"1026",479,335,86
"1027",399,424,77
"1028",418,408,74
"1029",442,397,61
"1030",323,502,75
"1031",299,518,83
"1032",311,512,77
"1033",391,434,75
"1034",330,485,85
"1035",387,439,74
"1036",479,372,49
"1037",509,314,77
"1038",390,440,70
"1039",415,397,88
"1040",477,359,64
"1041",456,368,76
"1042",274,543,83
"1043",501,297,102
"1044",451,372,77
"1045",379,465,56
"1046",479,367,54
"1047",350,492,58
"1048",469,345,86
"1049",552,269,79
"1050",483,323,94
"1051",305,521,74
"1052",308,486,106
"1053",475,341,84
"1054",486,324,90
"1055",346,502,52
"1056",323,503,74
"1057",426,387,87
"1058",357,447,96
"1059",373,418,109
"1060",346,482,72
"1061",492,340,68
"1062",348,470,82
"1063",285,521,94
"1064",422,401,77
"1065",422,400,78
"1066",485,324,91
"1067",395,416,89
"1068",540,268,92
"1069",431,383,86
"1070",399,434,67
"1071",454,353,93
"1072",392,431,77
"1073",318,503,79
"1074",472,349,79
"1075",415,426,59
"1076",427,392,81
"1077",390,409,101
"1078",458,332,110
"1079",371,449,80
"1080",359,442,99
"1081",500,321,79
"1082",385,466,49
"1083",312,496,92
"1084",339,493,68
"1085",438,363,99
"1086",467,360,73
"1087",380,434,86
"1088",473,376,51
"1089",304,529,67
"1090",436,372,92
"1091",440,408,52
"1092",445,368,87
"1093",384,441,75
"1094",419,403,78
"1095",422,379,99
"1096",442,379,79
"1097",489,327,84
"1098",474,346,80
"1099",430,402,68
"1100",499,299,102
"1101",463,373,64
"1102",398,423,79
"1103",483,331,86
"1104",311,521,68
"1105",353,463,84
"1106",412,408,80
"1107",493,315,92
"1108",408,440,52
"1109",517,323,60
"1110",397,424,79
"1111",471,349,80
"1112",403,424,73
"1113",401,425,74
"1114",374,441,85
"1115",371,455,74
"1116",348,475,77
"1117",428,395,77
"1118",442,377,81
"1119",446,361,93
"1120",384,435,81
"1121",424,383,93
"1122",498,335,67
"1123",466,378,56
"1124",465,374,61
"1125",421,423,56
"1126",472,342,86
"1127",395,434,71
"1128",361,431,108
"1129",368,449,83
"1130",349,485,66
"1131",386,446,68
"1132",468,343,89
"1133",383,411,106
"1134",486,344,70
"1135",434,387,79
"1136",556,277,67
"1137",453,380,67
"1138",445,396,59
"1139",426,406,68
"1140",378,425,97
"1141",343,496,61
"1142",396,415,89
"1143",359,458,83
"1144",434,404,62
"1145",368,456,76
"1146",562,249,89
"1147",433,403,64
"1148",448,359,93
"1149",469,382,49
"1150",447,383,70
"1151",357,492,51
"1152",402,425,73
"1153",371,447,82
"1154",381,451,68
"1155",527,305,68
"1156",282,535,83
"1157",534,298,68
"1158",393,426,81
"1159",288,529,83
"1160",311,506,83
"1161",420,370,110
"1162",370,452,78
"1163",420,408,72
"1164",542,288,70
"1165",397,411,92
"1166",334,494,72
"1167",381,415,104
"1168",381,449,70
"1169",404,422,74
"1170",392,422,86
"1171",244,580,76
"1172",500,315,85
"1173",254,576,70
"1174",383,414,103
"1175",483,325,92
"1176",342,474,84
"1177",396,433,71
"1178",347,494,59
"1179",512,299,89
"1180",429,410,61
"1181",487,351,62
"1182",532,300,68
"1183",379,438,83
"1184",304,504,92
"1185",476,335,89
"1186",409,389,102
"1187",380,470,50
"1188",488,349,63
"1189",353,464,83
"1190",370,437,93
"1191",483,351,66
"1192",423,388,89
"1193",357,435,108
"1194",405,414,81
"1195",469,342,89
"1196",435,396,69
"1197",423,396,81
"1198",358,450,92
"1199",498,317,85
"1200",467,347,86
"1201",498,333,69
"1202",387,419,94
"1203",395,428,77
"1204",476,354,70
"1205",538,299,63
"1206",495,336,69
"1207",434,376,90
"1208",389,425,86
"1209",350,480,70
"1210",386,402,112
"1211",457,379,64
"1212",502,331,67
"1213",492,340,68
"1214",408,380,112
"1215",524,293,83
"1216",464,323,113
"1217",459,368,73
"1218",449,384,67
"1219",391,441,68
"1220",317,525,58
"1221",519,299,82
"1222",448,393,59
"1223",433,411,56
"1224",448,378,74
"1225",503,327,70
"1226",414,420,66
"1227",439,381,80
"1228",385,445,70
"1229",448,382,70
"1230",463,360,77
"1231",366,473,61
"1232",281,546,73
"1233",447,395,58
"1234",304,507,89
"1235",448,350,102
"1236",417,400,83
"1237",304,521,75
"1238",415,401,84
"1239",323,471,106
"1240",316,520,64
"1241",343,466,91
"1242",316,505,79
"1243",307,535,58
"1244",370,453,77
"1245",414,399,87
"1246",344,468,88
"1247",476,362,62
"1248",408,421,71
"1249",517,317,66
"1250",431,406,63
"1251",399,433,68
"1252",368,465,67
"1253",221,575,104
"1254",399,418,83
"1255",435,396,69
"1256",529,297,74
"1257",477,366,57
"1258",457,335,108
"1259",428,401,71
"1260",406,429,65
"1261",471,346,83
"1262",346,461,93
"1263",378,450,72
"1264",380,449,71
"1265",292,529,79
"1266",407,413,80
"1267",437,374,89
"1268",407,416,77
"1269",523,289,88
"1270",444,386,70
"1271",500,317,83
"1272",387,445,68
"1273",362,487,51
"1274",435,377,88
"1275",224,594,82
"1276",292,520,88
"1277",430,404,66
"1278",443,341,116
"1279",339,483,78
"1280",381,454,65
"1281",382,437,81
"1282",494,322,84
"1283",529,293,78
"1284",390,451,59
"1285",388,433,79
"1286",506,330,64
"1287",329,513,58
"1288",384,436,80
"1289",427,415,58
"1290",454,356,90
"1291",337,497,66
"1292",374,449,77
"1293",337,490,73
"1294",591,240,69
"1295",431,412,57
"1296",325,495,80
"1297",387,446,67
"1298",441,371,88
"1299",317,492,91
"1300",477,321,102
"1301",462,354,84
"1302",493,301,106
"1303",448,381,71
"1304",444,364,92
"1305",395,443,62
"1306",453,383,64
"1307",442,374,84
"1308",402,416,82
"1309",487,340,73
"1310",411,416,73
"1311",452,377,71
"1312",387,439,74
"1313",509,318,73
"1314",254,557,89
"1315",389,430,81
"1316",382,442,76
"1317",488,345,67
"1318",462,363,75
"1319",293,513,94
"1320",475,342,83
"1321",464,340,96
"1322",433,400,67
"1323",339,510,51
"1324",509,328,63
"1325",544,285,71
"1326",361,467,72
"1327",378,447,75
"1328",501,344,55
"1329",358,453,89
"1330",335,496,69
"1331",329,483,88
"1332",501,316,83
"1333",368,456,76
"1334",513,293,94
"1335",337,503,60
"1336",436,392,72
"1337",414,412,74
"1338",461,368,71
"1339",325,498,77
"1340",460,377,63
"1341",319,481,100
"1342",497,328,75
"1343",636,212,52
"1344",428,382,90
"1345",421,407,72
"1346",319,524,57
"1347",485,342,73
"1348",420,406,74
"1349",259,564,77
"1350",393,424,83
"1351",344,481,75
"1352",429,408,63
"1353",547,265,88
"1354",474,354,72
"1355",359,450,91
"1356",498,314,88
"1357",485,348,67
"1358",459,356,85
"1359",327,510,63
"1360",448,398,54
"1361",440,398,62
"1362",318,497,85
"1363",360,454,86
"1364",313,502,85
"1365",501,312,87
"1366",559,275,66
"1367",405,395,100
"1368",402,421,77
"1369",441,384,75
"1370",342,493,65
"1371",462,387,51
"1372",439,419,42
"1373",286,529,85
"1374",388,441,71
"1375",263,571,66
"1376",445,370,85
"1377",496,324,80
"1378",498,323,79
"1379",490,318,92
"1380",412,407,81
"1381",398,413,89
"1382",400,393,107
"1383",342,471,87
"1384",437,373,90
"1385",373,409,118
"1386",424,396,80
"1387",415,391,94
"1388",372,477,51
"1389",216,634,50
"1390",376,446,78
"1391",368,462,70
"1392",442,402,56
"1393",388,432,80
"1394",486,333,81
"1395",452,374,74
"1396",409,395,96
"1397",502,324,74
"1398",461,368,71
"1399",388,419,93
"1400",410,413,77
"1401",378,432,90
"1402",364,460,76
"1403",449,350,101
"1404",433,395,72
"1405",502,336,62
"1406",278,537,85
"1407",301,509,90
"1408",467,383,50
"1409",556,249,95
"1410",445,372,83
"1411",512,296,92
"1412",443,355,102
"1413",388,440,72
"1414",476,338,86
"1415",404,409,87
"1416",454,380,66
"1417",486,336,78
"1418",482,341,77
"1419",496,302,102
"1420",538,293,69
"1421",517,324,59
"1422",368,453,79
"1423",238,561,101
"1424",383,451,66
"1425",448,399,53
"1426",405,420,75
"1427",475,334,91
"1428",415,394,91
"1429",382,420,98
"1430",438,366,96
"1431",489,346,65
"1432",396,438,66
"1433",477,317,106
"1434",355,458,87
"1435",364,441,95
"1436",327,468,105
"1437",496,326,78
"1438",353,456,91
"1439",411,417,72
"1440",499,341,60
"1441",561,260,79
"1442",334,472,94
"1443",452,370,78
"1444",403,419,78
"1445",467,374,59
"1446",409,408,83
"1447",292,522,86
"1448",470,350,80
"1449",450,393,57
"1450",372,448,80
"1451",494,319,87
"1452",427,406,67
"1453",567,278,55
"1454",383,450,67
"1455",293,531,76
"1456",460,363,77
"1457",471,338,91
"1458",350,497,53
"1459",342,485,73
"1460",327,470,103
"1461",489,341,70
"1462",416,413,71
"1463",309,531,60
"1464",406,400,94
"1465",301,514,85
"1466",386,441,73
"1467",338,459,103
"1468",454,371,75
"1469",283,555,62
"1470",440,393,67
"1471",434,400,66
"1472",428,403,69
"1473",356,477,67
"1474",401,444,55
"1475",466,327,107
"1476",449,386,65
"1477",475,353,72
"1478",427,408,65
"1479",409,390,101
"1480",505,329,66
"1481",359,480,61
"1482",392,448,60
"1483",383,445,72
"1484",502,331,67
"1485",490,326,84
"1486",370,447,83
"1487",399,415,86
"1488",518,299,83
"1489",486,333,81
"1490",415,389,96
"1491",490,333,77
"1492",478,353,69
"1493",356,467,77
"1494",474,338,88
"1495",351,474,75
"1496",444,358,98
"1497",514,311,75
"1498",438,375,87
"1499",320,497,83
"1500",427,385,88
"1501",485,354,61
"1502",330,482,88
"1503",380,437,83
"1504",382,466,52
"1505",542,269,89
"1506",504,297,99
"1507",376,455,69
"1508",414,408,78
"1509",266,554,80
"1510",406,418,76
"1511",417,427,56
"1512",317,512,71
"1513",422,432,46
"1514",356,470,74
"1515",397,433,70
"1516",398,426,76
"1517",489,344,67
"1518",434,396,70
"1519",380,418,102
"1520",313,503,84
"1521",496,306,98
"1522",423,405,72
"1523",399,411,90
"1524",437,365,98
"1525",251,588,61
"1526",407,408,85
"1527",442,386,72
"1528",371,456,73
"1529",584,236,80
"1530",427,392,81
"1531",489,332,79
"1532",399,429,72
"1533",329,486,85
"1534",407,426,67
"1535",351,465,84
"1536",384,456,60
"1537",344,493,63
"1538",441,362,97
"1539",439,379,82
"1540",460,362,78
"1541",349,471,80
"1542",352,464,84
"1543",422,396,82
"1544",256,593,51
"1545",402,433,65
"1546",336,495,69
"1547",451,362,87
"1548",371,433,96
"1549",327,489,84
"1550",437,404,59
"1551",369,463,68
"1552",406,429,65
"1553",455,360,85
"1554",423,402,75
"1555",450,354,96
"1556",301,506,93
"1557",422,399,79
"1558",341,483,76
"1559",337,509,54
"1560",491,328,81
"1561",468,366,66
"1562",441,366,93
"1563",543,291,66
"1564",395,411,94
"1565",458,368,74
"1566",365,458,77
"1567",385,444,71
"1568",414,400,86
"1569",446,379,75
"1570",446,359,95
"1571",474,337,89
"1572",419,404,77
"1573",392,411,97
"1574",373,436,91
"1575",378,447,75
"1576",302,526,72
"1577",424,365,111
"1578",384,449,67
"1579",326,512,62
"1580",421,386,93
"1581",479,353,68
"1582",399,427,74
"1583",413,408,79
"1584",472,337,91
"1585",460,368,72
"1586",392,431,77
"1587",386,439,75
"1588",324,522,54
"1589",461,380,59
"1590",298,539,63
"1591",400,428,72
"1592",425,389,86
"1593",472,367,61
"1594",439,353,108
"1595",445,401,54
"1596",432,391,77
"1597",484,328,88
"1598",371,423,106
"1599",321,521,58
"1600",394,445,61
"1601",378,436,86
"1602",417,403,80
"1603",388,459,53
"1604",413,413,74
"1605",389,421,90
"1606",457,327,116
"1607",352,487,61
"1608",330,474,96
"1609",498,320,82
"1610",317,502,81
"1611",540,285,75
"1612",375,440,85
"1613",331,481,88
"1614",461,373,66
"1615",453,352,95
"1616",585,260,55
"1617",394,420,86
"1618",402,404,94
"1619",340,490,70
"1620",419,409,72
"1621",447,385,68
"1622",544,291,65
"1623",499,313,88
"1624",377,464,59
"1625",446,395,59
"1626",411,389,100
"1627",460,345,95
"1628",503,296,101
"1629",438,366,96
"1630",347,477,76
"1631",357,480,63
"1632",357,469,74
"1633",486,331,83
"1634",480,317,103
"1635",315,511,74
"1636",311,491,98
"1637",455,371,74
"1638",464,349,87
"1639",421,418,61
"1640",299,511,90
"1641",406,417,77
"1642",383,437,80
"1643",439,377,84
"1644",475,350,75
"1645",386,426,88
"1646",424,401,75
"1647",428,399,73
"1648",473,373,54
"1649",568,283,49
"1650",407,423,70
"1651",529,267,104
"1652",437,391,72
"1653",441,387,72
"1654",361,475,64
"1655",324,504,72
"1656",448,393,59
"1657",430,404,66
"1658",467,362,71
"1659",419,414,67
"1660",423,418,59
"1661",356,465,79
"1662",400,403,97
"1663",401,413,86
"1664",441,395,64
"1665",441,371,88
"1666",481,372,47
"1667",422,366,112
"1668",531,301,68
"1669",491,310,99
"1670",439,393,68
"1671",359,455,86
"1672",480,321,99
"1673",376,449,75
"1674",453,368,79
"1675",442,404,54
"1676",481,338,81
"1677",373,488,39
"1678",459,353,88
"1679",436,398,66
"1680",460,338,102
"1681",465,370,65
"1682",376,467,57
"1683",507,337,56
"1684",386,428,86
"1685",429,381,90
"1686",461,335,104
"1687",307,513,80
"1688",459,369,72
"1689",344,481,75
"1690",459,371,70
"1691",440,408,52
"1692",437,392,71
"1693",433,358,109
"1694",438,389,73
"1695",389,433,78
"1696",300,530,70
"1697",496,324,80
"1698",386,440,74
"1699",442,398,60
"1700",447,394,59
"1701",375,452,73
"1702",393,417,90
"1703",359,482,59
"1704",507,321,72
"1705",433,387,80
"1706",484,336,80
"1707",392,466,42
"1708",452,385,63
"1709",411,390,99
"1710",367,439,94
"1711",418,375,107
"1712",504,306,90
"1713",470,348,82
"1714",392,440,68
"1715",392,389,119
"1716",442,375,83
"1717",350,478,72
"1718",397,437,66
"1719",403,410,87
"1720",511,325,64
"1721",462,360,78
"1722",419,410,71
"1723",344,447,109
"1724",436,382,82
"1725",514,322,64
"1726",306,496,98
"1727",507,313,80
"1728",553,258,89
"1729",393,417,90
"1730",335,481,84
"1731",354,475,71
"1732",452,370,78
"1733",479,357,64
"1734",437,377,86
"1735",402,432,66
"1736",397,424,79
"1737",457,357,86
"1738",474,349,77
"1739",385,405,110
"1740",405,424,71
"1741",368,461,71
"1742",306,512,82
"1743",390,431,79
"1744",407,427,66
"1745",559,290,51
"1746",489,314,97
"1747",340,486,74
"1748",491,337,72
"1749",410,408,82
"1750",448,326,126
"1751",423,374,103
"1752",494,352,54
"1753",372,426,102
"1754",388,434,78
"1755",426,395,79
"1756",366,456,78
"1757",338,501,61
"1758",385,438,77
"1759",308,503,89
"1760",472,353,75
"1761",428,407,65
"1762",422,371,107
"1763",519,322,59
"1764",442,375,83
"1765",425,377,98
"1766",319,492,89
"1767",296,538,66
"1768",524,284,92
"1769",335,477,88
"1770",351,467,82
"1771",472,366,62
"1772",483,337,80
"1773",483,346,71
"1774",433,393,74
"1775",422,402,76
"1776",419,412,69
"1777",515,315,70
"1778",451,392,57
"1779",378,450,72
"1780",443,386,71
"1781",323,509,68
"1782",351,488,61
"1783",392,435,73
"1784",289,553,58
"1785",448,389,63
"1786",375,449,76
"1787",503,333,64
"1788",389,429,82
"1789",450,390,60
"1790",442,378,80
"1791",502,314,84
"1792",355,458,87
"1793",495,329,76
"1794",435,397,68
"1795",370,453,77
"1796",420,396,84
"1797",447,370,83
"1798",418,379,103
"1799",414,418,68
"1800",337,476,87
"1801",422,377,101
"1802",500,333,67
"1803",464,375,61
"1804",448,374,78
"1805",411,409,80
"1806",393,400,107
"1807",371,465,64
"1808",400,434,66
"1809",488,341,71
"1810",395,432,73
"1811",545,265,90
"1812",325,485,90
"1813",531,320,49
"1814",446,389,65
"1815",454,361,85
"1816",293,524,83
"1817",422,407,71
"1818",319,501,80
"1819",394,421,85
"1820",329,507,64
"1821",398,422,80
"1822",323,489,88
"1823",376,454,70
"1824",330,498,72
"1825",390,432,78
"1826",345,477,78
"1827",420,403,77
"1828",525,301,74
"1829",375,440,85
"1830",370,462,68
"1831",349,473,78
"1832",435,394,71
"1833",434,382,84
"1834",461,345,94
"1835",510,273,117
"1836",447,374,79
"1837",508,311,81
"1838",454,363,83
"1839",432,406,62
"1840",513,323,64
"1841",377,448,75
"1842",472,340,88
"1843",421,386,93
"1844",381,434,85
"1845",475,371,54
"1846",399,443,58
"1847",371,438,91
"1848",521,298,81
"1849",247,561,92
"1850",367,470,63
"1851",526,302,72
"1852",548,285,67
"1853",369,453,78
"1854",490,308,102
"1855",436,393,71
"1856",462,370,68
"1857",382,452,66
"1858",360,431,109
"1859",324,492,84
"1860",389,438,73
"1861",230,613,57
"1862",285,545,70
"1863",460,374,66
"1864",393,423,84
"1865",431,407,62
"1866",430,379,91
"1867",329,504,67
"1868",494,316,90
"1869",242,586,72
"1870",248,578,74
"1871",470,354,76
"1872",243,595,62
"1873",416,403,81
"1874",305,518,77
"1875",343,463,94
"1876",463,352,85
"1877",400,419,81
"1878",326,461,113
"1879",422,397,81
"1880",268,547,85
"1881",337,486,77
"1882",457,380,63
"1883",314,498,88
"1884",305,538,57
"1885",406,422,72
"1886",332,496,72
"1887",561,259,80
"1888",506,284,110
"1889",336,501,63
"1890",271,562,67
"1891",422,399,79
"1892",525,322,53
"1893",384,451,65
"1894",360,481,59
"1895",404,429,67
"1896",413,408,79
"1897",426,398,76
"1898",367,437,96
"1899",446,379,75
"1900",458,371,71
"1901",509,310,81
"1902",453,377,70
"1903",334,469,97
"1904",431,392,77
"1905",409,411,80
"1906",439,381,80
"1907",366,439,95
"1908",486,358,56
"1909",432,375,93
"1910",426,384,90
"1911",298,522,80
"1912",386,417,97
"1913",531,287,82
"1914",297,509,94
"1915",362,450,88
"1916",483,351,66
"1917",415,425,60
"1918",387,420,93
"1919",445,355,100
"1920",484,328,88
"1921",342,480,78
"1922",381,426,93
"1923",517,279,104
"1924",463,351,86
"1925",504,318,78
"1926",371,468,61
"1927",315,479,106
"1928",448,376,76
"1929",419,417,64
"1930",416,413,71
"1931",502,318,80
"1932",416,412,72
"1933",253,585,62
"1934",490,353,57
"1935",364,463,73
"1936",313,469,118
"1937",388,442,70
"1938",371,448,81
"1939",348,473,79
"1940",373,461,66
"1941",346,476,78
"1942",491,327,82
"1943",442,387,71
"1944",484,348,68
"1945",381,445,74
"1946",388,426,86
"1947",275,551,74
"1948",436,386,78
"1949",290,533,77
"1950",438,383,79
"1951",479,349,72
"1952",359,468,73
"1953",379,449,72
"1954",393,435,72
"1955",438,372,90
"1956",514,312,74
"1957",432,380,88
"1958",336,479,85
"1959",527,293,80
"1960",368,438,94
"1961",410,418,72
"1962",494,334,72
"1963",406,428,66
"1964",457,368,75
"1965",345,473,82
"1966",476,326,98
"1967",218,624,58
"1968",390,449,61
"1969",431,402,67
"1970",330,469,101
"1971",403,429,68
"1972",390,428,82
"1973",474,324,102
"1974",514,300,86
"1975",340,478,82
"1976",290,524,86
"1977",464,358,78
"1978",387,411,102
"1979",420,382,98
"1980",401,430,69
"1981",423,419,58
"1982",429,390,81
"1983",415,402,83
"1984",370,460,70
"1985",373,446,81
"1986",330,491,79
"1987",456,357,87
"1988",420,410,70
"1989",423,410,67
"1990",363,454,83
"1991",440,374,86
"1992",385,453,62
"1993",536,286,78
"1994",358,456,86
"1995",485,342,73
"1996",463,360,77
"1997",442,375,83
"1998",389,452,59
"1999",538,300,62
"2000",371,464,65
"2001",344,445,111
"2002",438,384,78
"2003",390,438,72
"2004",428,404,68
"2005",370,433,97
"2006",399,442,59
"2007",411,414,75
"2008",461,373,66
"2009",456,388,56
"2010",376,459,65
"2011",459,360,81
"2012",336,476,88
"2013",481,335,84
"2014",466,351,83
"2015",410,396,94
"2016",327,509,64
"2017",388,421,91
"2018",500,332,68
"2019",325,467,108
"2020",386,437,77
"2021",504,320,76
"2022",524,308,68
"2023",392,439,69
"2024",402,414,84
"2025",429,411,60
"2026",397,400,103
"2027",346,472,82
"2028",438,394,68
"2029",436,401,63
"2030",326,491,83
"2031",427,403,70
"2032",508,333,59
"2033",349,478,73
"2034",411,410,79
"2035",466,360,74
"2036",609,219,72
"2037",377,466,57
"2038",347,479,74
"2039",403,438,59
"2040",510,314,76
"2041",446,370,84
"2042",451,358,91
"2043",422,402,76
"2044",521,296,83
"2045",484,345,71
"2046",407,398,95
"2047",435,391,74
"2048",554,274,72
"2049",377,431,92
"2050",379,441,80
"2051",559,287,54
"2052",481,316,103
"2053",466,366,68
"2054",354,446,100
"2055",436,378,86
"2056",472,346,82
"2057",348,466,86
"2058",509,317,74
"2059",409,420,71
"2060",442,347,111
"2061",366,460,74
"2062",360,439,101
"2063",318,503,79
"2064",363,464,73
"2065",464,377,59
"2066",429,428,43
"2067",341,477,82
"2068",336,495,69
"2069",420,415,65
"2070",478,346,76
"2071",308,530,62
"2072",368,460,72
"2073",566,274,60
"2074",462,372,66
"2075",504,284,112
"2076",450,366,84
"2077",522,304,74
"2078",508,307,85
"2079",460,363,77
"2080",264,564,72
"2081",331,499,70
"2082",509,338,53
"2083",439,369,92
"2084",331,501,68
"2085",422,405,73
"2086",447,380,73
"2087",439,387,74
"2088",425,399,76
"2089",510,309,81
"2090",364,469,67
"2091",386,442,72
"2092",307,515,78
"2093",413,433,54
"2094",381,450,69
"2095",341,487,72
"2096",429,398,73
"2097",290,506,104
"2098",354,468,78
"2099",413,413,74
"2100",543,284,73
"2101",451,372,77
"2102",355,462,83
"2103",383,442,75
"2104",420,412,68
"2105",499,337,64
"2106",382,450,68
"2107",361,466,73
"2108",439,383,78
"2109",513,311,76
"2110",357,476,67
"2111",387,436,77
"2112",428,393,79
"2113",378,432,90
"2114",322,477,101
"2115",426,390,84
"2116",436,373,91
"2117",363,443,94
"2118",487,355,58
"2119",497,325,78
"2120",499,329,72
"2121",404,415,81
"2122",454,387,59
"2123",436,409,55
"2124",483,326,91
"2125",340,476,84
"2126",385,442,73
"2127",442,374,84
"2128",429,397,74
"2129",396,426,78
"2130",345,456,99
"2131",330,474,96
"2132",448,402,50
"2133",411,379,110
"2134",388,443,69
"2135",357,457,86
"2136",449,374,77
"2137",393,438,69
"2138",406,434,60
"2139",495,341,64
"2140",544,277,79
"2141",327,503,70
"2142",449,375,76
"2143",415,420,65
"2144",415,396,89
"2145",240,593,67
"2146",275,534,91
"2147",289,523,88
"2148",328,497,75
"2149",434,384,82
"2150",374,441,85
"2151",507,323,70
"2152",421,422,57
"2153",388,432,80
"2154",387,461,52
"2155",410,426,64
"2156",437,402,61
"2157",430,392,78
"2158",392,440,68
"2159",444,357,99
"2160",413,413,74
"2161",397,414,89
"2162",355,450,95
"2163",393,436,71
"2164",493,332,75
"2165",465,377,58
"2166",497,309,94
"2167",332,497,71
"2168",347,493,60
"2169",547,275,78
"2170",381,434,85
"2171",399,418,83
"2172",399,424,77
"2173",388,415,97
"2174",444,369,87
"2175",571,257,72
"2176",441,408,51
"2177",467,371,62
"2178",478,344,78
"2179",398,414,88
"2180",405,423,72
"2181",525,304,71
"2182",386,428,86
"2183",489,326,85
"2184",385,436,79
"2185",501,324,75
"2186",381,449,70
"2187",498,328,74
"2188",469,377,54
"2189",432,380,88
"2190",465,353,82
"2191",358,470,72
"2192",310,536,54
"2193",360,443,97
"2194",453,382,65
"2195",424,399,77
"2196",498,323,79
"2197",384,440,76
"2198",458,358,84
"2199",393,432,75
"2200",321,501,78
"2201",284,525,91
"2202",426,397,77
"2203",311,519,70
"2204",406,405,89
"2205",423,406,71
"2206",392,438,70
"2207",481,366,53
"2208",436,388,76
"2209",403,403,94
"2210",369,466,65
"2211",576,256,68
"2212",366,445,89
"2213",380,451,69
"2214",385,442,73
"2215",428,389,83
"2216",402,415,83
"2217",332,467,101
"2218",478,338,84
"2219",426,374,100
"2220",378,453,69
"2221",448,360,92
"2222",342,478,80
"2223",496,321,83
"2224",379,423,98
"2225",288,542,70
"2226",401,431,68
"2227",417,375,108
"2228",457,371,72
"2229",347,476,77
"2230",308,508,84
"2231",372,445,83
"2232",275,534,91
"2233",566,266,68
"2234",432,399,69
"2235",306,533,61
"2236",380,436,84
"2237",400,446,54
"2238",331,468,101
"2239",364,455,81
"2240",497,332,71
"2241",314,489,97
"2242",407,425,68
"2243",517,293,90
"2244",355,474,71
"2245",323,507,70
"2246",357,451,92
"2247",453,359,88
"2248",467,356,77
"2249",348,469,83
"2250",447,378,75
"2251",376,444,80
"2252",495,304,101
"2253",288,529,83
"2254",501,325,74
"2255",467,357,76
"2256",373,435,92
"2257",469,352,79
"2258",431,406,63
"2259",411,434,55
"2260",497,330,73
"2261",482,352,66
"2262",365,442,93
"2263",546,279,75
"2264",409,411,80
"2265",484,336,80
"2266",377,444,79
"2267",447,383,70
"2268",461,379,60
"2269",315,517,68
"2270",380,431,89
"2271",471,337,92
"2272",378,457,65
"2273",372,431,97
"2274",349,473,78
"2275",437,365,98
"2276",417,421,62
"2277",388,403,109
"2278",409,408,83
"2279",396,407,97
"2280",421,385,94
"2281",513,302,85
"2282",403,423,74
"2283",500,328,72
"2284",248,580,72
"2285",380,440,80
"2286",404,383,113
"2287",463,368,69
"2288",450,365,85
"2289",327,505,68
"2290",396,403,101
"2291",365,463,72
"2292",414,421,65
"2293",517,329,54
"2294",349,489,62
"2295",443,380,77
"2296",348,479,73
"2297",318,529,53
"2298",478,361,61
"2299",380,445,75
"2300",510,321,69
"2301",483,324,93
"2302",391,428,81
"2303",499,341,60
"2304",502,350,48
"2305",355,472,73
"2306",361,450,89
"2307",435,397,68
"2308",454,354,92
"2309",432,378,90
"2310",294,526,80
"2311",451,354,95
"2312",319,517,64
"2313",523,286,91
"2314",369,450,81
"2315",302,492,106
"2316",441,406,53
"2317",355,473,72
"2318",411,419,70
"2319",542,284,74
"2320",387,411,102
"2321",320,518,62
"2322",295,506,99
"2323",419,412,69
"2324",492,336,72
"2325",436,391,73
"2326",315,489,96
"2327",527,295,78
"2328",457,372,71
"2329",372,451,77
"2330",356,486,58
"2331",367,448,85
"2332",384,441,75
"2333",466,356,78
"2334",498,339,63
"2335",383,414,103
"2336",376,436,88
"2337",458,350,92
"2338",408,392,100
"2339",453,380,67
"2340",374,478,48
"2341",307,518,75
"2342",446,410,44
"2343",423,369,108
"2344",414,406,80
"2345",408,399,93
"2346",471,345,84
"2347",400,425,75
"2348",390,420,90
"2349",464,341,95
"2350",490,338,72
"2351",393,443,64
"2352",426,398,76
"2353",363,473,64
"2354",405,401,94
"2355",471,349,80
"2356",356,459,85
"2357",352,471,77
"2358",430,380,90
"2359",418,401,81
"2360",417,388,95
"2361",352,473,75
"2362",332,503,65
"2363",431,384,85
"2364",526,303,71
"2365",409,432,59
"2366",337,492,71
"2367",431,391,78
"2368",444,384,72
"2369",372,440,88
"2370",453,386,61
"2371",451,360,89
"2372",460,351,89
"2373",406,403,91
"2374",402,413,85
"2375",460,365,75
"2376",352,479,69
"2377",539,280,81
"2378",422,421,57
"2379",548,292,60
"2380",282,561,57
"2381",377,429,94
"2382",438,396,66
"2383",221,578,101
"2384",528,310,62
"2385",316,467,117
"2386",440,380,80
"2387",337,498,65
"2388",404,414,82
"2389",369,434,97
"2390",325,511,64
"2391",476,344,80
"2392",372,446,82
"2393",424,422,54
"2394",420,394,86
"2395",364,470,66
"2396",382,447,71
"2397",389,432,79
"2398",472,352,76
"2399",459,381,60
"2400",369,455,76
"2401",359,464,77
"2402",457,373,70
"2403",364,434,102
"2404",541,287,72
"2405",468,350,82
"2406",457,359,84
"2407",313,504,83
"2408",356,465,79
"2409",352,481,67
"2410",412,404,84
"2411",352,482,66
"2412",338,480,82
"2413",443,358,99
"2414",304,519,77
"2415",372,455,73
"2416",443,400,57
"2417",411,396,93
"2418",417,415,68
"2419",376,406,118
"2420",416,390,94
"2421",455,372,73
"2422",301,544,55
"2423",404,419,77
"2424",388,436,76
"2425",341,464,95
"2426",366,466,68
"2427",502,336,62
"2428",460,373,67
"2429",350,483,67
"2430",380,439,81
"2431",421,387,92
"2432",480,357,63
"2433",403,418,79
"2434",451,349,100
"2435",428,395,77
"2436",414,421,65
"2437",343,490,67
"2438",446,373,81
"2439",468,372,60
"2440",362,475,63
"2441",470,313,117
"2442",397,419,84
"2443",398,416,86
"2444",359,465,76
"2445",375,441,84
"2446",407,411,82
"2447",391,423,86
"2448",449,365,86
"2449",399,417,84
"2450",585,248,67
"2451",327,494,79
"2452",388,385,127
"2453",362,476,62
"2454",368,454,78
"2455",459,361,80
"2456",437,365,98
"2457",341,480,79
"2458",383,444,73
"2459",498,334,68
"2460",450,378,72
"2461",459,367,74
"2462",425,389,86
"2463",413,399,88
"2464",349,471,80
"2465",436,392,72
"2466",390,444,66
"2467",412,430,58
"2468",258,571,71
"2469",373,442,85
"2470",514,327,59
"2471",445,379,76
"2472",362,467,71
"2473",499,322,79
"2474",337,502,61
"2475",408,422,70
"2476",451,375,74
"2477",481,333,86
"2478",311,523,66
"2479",418,420,62
"2480",417,409,74
"2481",406,420,74
"2482",297,530,73
"2483",381,449,70
"2484",455,375,70
"2485",465,344,91
"2486",335,510,55
"2487",480,331,89
"2488",380,425,95
"2489",435,385,80
"2490",277,561,62
"2491",410,415,75
"2492",416,423,61
"2493",529,298,73
"2494",393,408,99
"2495",458,367,75
"2496",375,447,78
"2497",490,334,76
"2498",449,371,80
"2499",546,274,80
"2500",362,458,80
"2501",518,302,80
"2502",400,430,70
"2503",520,316,64
"2504",407,403,90
"2505",479,317,104
"2506",339,473,88
"2507",333,503,64
"2508",453,353,94
"2509",556,274,70
"2510",482,333,85
"2511",515,310,75
"2512",292,498,110
"2513",467,343,90
"2514",452,391,57
"2515",400,416,84
"2516",513,297,90
"2517",334,481,85
"2518",393,413,94
"2519",476,361,63
"2520",362,446,92
"2521",413,415,72
"2522",469,357,74
"2523",458,356,86
"2524",353,452,95
"2525",471,341,88
"2526",469,373,58
"2527",394,440,66
"2528",307,530,63
"2529",521,310,69
"2530",358,455,87
"2531",519,300,81
"2532",378,454,68
"2533",487,320,93
"2534",437,380,83
"2535",440,397,63
"2536",445,382,73
"2537",358,444,98
"2538",299,491,110
"2539",359,470,71
"2540",315,476,109
"2541",461,367,72
"2542",459,365,76
"2543",355,467,78
"2544",357,469,74
"2545",302,505,93
"2546",363,451,86
"2547",476,351,73
"2548",438,375,87
"2549",443,388,69
"2550",372,455,73
"2551",430,400,70
"2552",516,311,73
"2553",430,393,77
"2554",459,377,64
"2555",432,396,72
"2556",296,511,93
"2557",459,383,58
"2558",402,404,94
"2559",434,416,50
"2560",431,399,70
"2561",287,525,88
"2562",437,370,93
"2563",481,371,48
"2564",350,483,67
"2565",460,346,94
"2566",515,318,67
"2567",345,470,85
"2568",353,473,74
"2569",442,370,88
"2570",341,475,84
"2571",515,314,71
"2572",381,464,55
"2573",541,282,77
"2574",324,473,103
"2575",329,511,60
"2576",455,374,71
"2577",380,466,54
"2578",462,367,71
"2579",407,411,82
"2580",387,432,81
"2581",444,379,77
"2582",384,432,84
"2583",408,413,79
"2584",354,474,72
"2585",393,440,67
"2586",278,563,59
"2587",428,411,61
"2588",411,419,70
"2589",464,362,74
"2590",493,342,65
"2591",339,509,52
"2592",398,421,81
"2593",418,395,87
"2594",339,455,106
"2595",409,407,84
"2596",447,375,78
"2597",391,395,114
"2598",568,265,67
"2599",437,361,102
"2600",456,344,100
"2601",481,355,64
"2602",438,409,53
"2603",393,431,76
"2604",467,379,54
"2605",509,306,85
"2606",379,433,88
"2607",446,396,58
"2608",317,499,84
"2609",416,401,83
"2610",336,479,85
"2611",243,597,60
"2612",518,309,73
"2613",412,402,86
"2614",505,302,93
"2615",402,400,98
"2616",447,383,70
"2617",486,323,91
"2618",439,376,85
"2619",483,336,81
"2620",574,252,74
"2621",256,558,86
"2622",493,331,76
"2623",379,417,104
"2624",523,280,97
"2625",384,422,94
"2626",494,320,86
"2627",306,525,69
"2628",390,441,69
"2629",475,362,63
"2630",461,374,65
"2631",395,400,105
"2632",326,492,82
"2633",408,394,98
"2634",447,382,71
"2635",357,464,79
"2636",354,463,83
"2637",463,372,65
"2638",409,407,84
"2639",402,411,87
"2640",362,481,57
"2641",415,399,86
"2642",465,339,96
"2643",401,433,66
"2644",504,315,81
"2645",405,412,83
"2646",373,459,68
"2647",305,529,66
"2648",452,363,85
"2649",412,396,92
"2650",415,398,87
"2651",503,312,85
"2652",303,532,65
"2653",423,417,60
"2654",398,416,86
"2655",331,512,57
"2656",434,367,99
"2657",381,433,86
"2658",537,302,61
"2659",327,490,83
"2660",458,371,71
"2661",302,515,83
"2662",466,359,75
"2663",487,361,52
"2664",336,478,86
"2665",305,508,87
"2666",612,220,68
"2667",407,442,51
"2668",375,403,122
"2669",432,398,70
"2670",377,463,60
"2671",458,354,88
"2672",457,365,78
"2673",346,481,73
"2674",300,539,61
"2675",375,446,79
"2676",575,264,61
"2677",433,381,86
"2678",349,474,77
"2679",444,396,60
"2680",416,420,64
"2681",413,424,63
"2682",447,365,88
"2683",339,476,85
"2684",323,466,111
"2685",445,365,90
"2686",389,418,93
"2687",394,444,62
"2688",469,342,89
"2689",406,402,92
"2690",349,479,72
"2691",430,387,83
"2692",366,470,64
"2693",543,306,51
"2694",423,391,86
"2695",384,432,84
"2696",488,339,73
"2697",385,433,82
"2698",450,331,119
"2699",287,552,61
"2700",562,259,79
"2701",476,364,60
"2702",469,373,58
"2703",444,376,80
"2704",377,457,66
"2705",472,355,73
"2706",279,541,80
"2707",294,524,82
"2708",585,229,86
"2709",422,413,65
"2710",418,422,60
"2711",399,409,92
"2712",399,424,77
"2713",308,545,47
"2714",438,385,77
"2715",392,435,73
"2716",409,412,79
"2717",328,498,74
"2718",523,296,81
"2719",520,309,71
"2720",347,494,59
"2721",427,404,69
"2722",317,486,97
"2723",518,311,71
"2724",366,444,90
"2725",382,466,52
"2726",472,356,72
"2727",408,406,86
"2728",345,471,84
"2729",370,446,84
"2730",451,376,73
"2731",355,450,95
"2732",316,505,79
"2733",448,392,60
"2734",417,404,79
"2735",394,424,82
"2736",423,382,95
"2737",381,443,76
"2738",428,409,63
"2739",351,488,61
"2740",377,458,65
"2741",366,431,103
"2742",400,428,72
"2743",379,439,82
"2744",433,383,84
"2745",476,340,84
"2746",336,452,112
"2747",472,362,66
"2748",339,501,60
"2749",345,484,71
"2750",469,353,78
"2751",505,305,90
"2752",519,317,64
"2753",434,392,74
"2754",378,432,90
"2755",456,350,94
"2756",404,423,73
"2757",380,433,87
"2758",306,536,58
"2759",555,280,65
"2760",451,364,85
"2761",420,380,100
"2762",415,409,76
"2763",402,406,92
"2764",302,538,60
"2765",274,524,102
"2766",287,518,95
"2767",556,264,80
"2768",437,412,51
"2769",533,307,60
"2770",243,586,71
"2771",441,383,76
"2772",389,454,57
"2773",434,397,69
"2774",519,331,50
"2775",496,329,75
"2776",302,516,82
"2777",399,434,67
"2778",373,443,84
"2779",392,424,84
"2780",345,491,64
"2781",498,322,80
"2782",471,357,72
"2783",276,537,87
"2784",406,395,99
"2785",445,387,68
"2786",469,349,82
"2787",371,474,55
"2788",273,555,72
"2789",676,164,60
"2790",430,380,90
"2791",455,327,118
"2792",369,469,62
"2793",385,411,104
"2794",490,338,72
"2795",361,451,88
"2796",429,391,80
"2797",400,438,62
"2798",510,308,82
"2799",366,451,83
"2800",353,483,64
"2801",456,396,48
"2802",245,601,54
"2803",307,514,79
"2804",326,498,76
"2805",328,499,73
"2806",388,440,72
"2807",408,429,63
"2808",489,341,70
"2809",438,389,73
"2810",410,409,81
"2811",416,408,76
"2812",398,406,96
"2813",442,386,72
"2814",436,390,74
"2815",301,527,72
"2816",483,339,78
"2817",420,418,62
"2818",515,334,51
"2819",469,358,73
"2820",387,434,79
"2821",466,382,52
"2822",331,513,56
"2823",321,510,69
"2824",500,324,76
"2825",295,550,55
"2826",484,347,69
"2827",453,319,128
"2828",384,447,69
"2829",518,314,68
"2830",347,476,77
"2831",499,286,115
"2832",345,467,88
"2833",376,411,113
"2834",357,459,84
"2835",394,421,85
"2836",394,438,68
"2837",449,383,68
"2838",507,322,71
"2839",556,300,44
"2840",487,321,92
"2841",462,371,67
"2842",469,353,78
"2843",446,389,65
"2844",400,417,83
"2845",495,308,97
"2846",293,509,98
"2847",405,428,67
"2848",491,317,92
"2849",306,534,60
"2850",289,546,65
"2851",406,419,75
"2852",341,478,81
"2853",474,367,59
"2854",431,401,68
"2855",351,477,72
"2856",434,410,56
"2857",417,410,73
"2858",532,279,89
"2859",335,493,72
"2860",338,476,86
"2861",255,579,66
"2862",448,366,86
"2863",421,405,74
"2864",391,435,74
"2865",452,369,79
"2866",457,381,62
"2867",332,507,61
"2868",423,409,68
"2869",455,365,80
"2870",409,420,71
"2871",382,431,87
"2872",339,492,69
"2873",431,408,61
"2874",449,362,89
"2875",488,350,62
"2876",482,353,65
"2877",435,408,57
"2878",486,347,67
"2879",360,461,79
"2880",426,396,78
"2881",382,418,100
"2882",513,315,72
"2883",399,414,87
"2884",448,340,112
"2885",298,497,105
"2886",422,380,98
"2887",395,406,99
"2888",333,500,67
"2889",462,335,103
"2890",402,413,85
"2891",559,297,44
"2892",442,376,82
"2893",514,304,82
"2894",526,283,91
"2895",427,401,72
"2896",492,341,67
"2897",482,366,52
"2898",435,371,94
"2899",310,504,86
"2900",353,483,64
"2901",360,472,68
"2902",522,306,72
"2903",328,516,56
"2904",496,335,69
"2905",541,275,84
"2906",549,277,74
"2907",377,458,65
"2908",507,326,67
"2909",341,452,107
"2910",357,484,59
"2911",479,325,96
"2912",454,379,67
"2913",273,548,79
"2914",399,424,77
"2915",408,387,105
"2916",384,460,56
"2917",511,303,86
"2918",418,405,77
"2919",501,312,87
"2920",409,416,75
"2921",373,453,74
"2922",382,461,57
"2923",364,457,79
"2924",428,387,85
"2925",359,460,81
"2926",446,365,89
"2927",461,360,79
"2928",412,421,67
"2929",280,561,59
"2930",348,456,96
"2931",434,403,63
"2932",460,339,101
"2933",383,413,104
"2934",363,466,71
"2935",470,345,85
"2936",312,508,80
"2937",411,394,95
"2938",326,424,150
"2939",450,370,80
"2940",424,399,77
"2941",402,413,85
"2942",530,290,80
"2943",420,404,76
"2944",448,365,87
"2945",446,359,95
"2946",517,312,71
"2947",487,325,88
"2948",525,311,64
"2949",379,419,102
"2950",502,335,63
"2951",320,498,82
"2952",374,455,71
"2953",528,274,98
"2954",448,377,75
"2955",417,398,85
"2956",358,460,82
"2957",418,427,55
"2958",457,369,74
"2959",444,380,76
"2960",359,463,78
"2961",530,298,72
"2962",380,436,84
"2963",503,337,60
"2964",326,500,74
"2965",320,510,70
"2966",403,404,93
"2967",417,398,85
"2968",461,369,70
"2969",451,362,87
"2970",438,380,82
"2971",464,354,82
"2972",423,394,83
"2973",389,439,72
"2974",497,329,74
"2975",400,426,74
"2976",385,413,102
"2977",360,453,87
"2978",368,437,95
"2979",384,423,93
"2980",447,373,80
"2981",381,432,87
"2982",261,537,102
"2983",433,382,85
"2984",496,337,67
"2985",446,358,96
"2986",476,334,90
"2987",439,373,88
"2988",388,449,63
"2989",451,371,78
"2990",403,409,88
"2991",473,354,73
"2992",395,420,85
"2993",345,491,64
"2994",428,399,73
"2995",370,411,119
"2996",483,340,77
"2997",369,440,91
"2998",428,406,66
"2999",389,429,82
"3000",354,441,105
"3001",380,431,89
"3002",417,403,80
"3003",429,390,81
"3004",415,414,71
"3005",384,447,69
"3006",384,435,81
"3007",440,378,82
"3008",362,446,92
"3009",250,568,82
"3010",534,291,75
"3011",348,472,80
"3012",483,336,81
"3013",576,266,58
"3014",510,295,95
"3015",428,405,67
"3016",382,463,55
"3017",379,418,103
"3018",478,355,67
"3019",411,414,75
"3020",351,472,77
"3021",258,586,56
"3022",481,329,90
"3023",472,330,98
"3024",436,393,71
"3025",265,550,85
"3026",397,420,83
"3027",596,221,83
"3028",460,352,88
"3029",493,322,85
"3030",424,402,74
"3031",362,464,74
"3032",433,384,83
"3033",353,461,86
"3034",447,358,95
"3035",357,486,57
"3036",498,342,60
"3037",339,483,78
"3038",361,477,62
"3039",462,360,78
"3040",458,377,65
"3041",320,510,70
"3042",377,454,69
"3043",473,359,68
"3044",281,561,58
"3045",370,424,106
"3046",506,326,68
"3047",438,387,75
"3048",443,390,67
"3049",351,465,84
"3050",407,425,68
"3051",349,456,95
"3052",488,317,95
"3053",474,359,67
"3054",330,486,84
"3055",520,311,69
"3056",423,405,72
"3057",224,625,51
"3058",413,379,108
"3059",482,345,73
"3060",467,364,69
"3061",356,486,58
"3062",288,532,80
"3063",319,503,78
"3064",477,345,78
"3065",406,399,95
"3066",417,399,84
"3067",394,433,73
"3068",425,372,103
"3069",431,409,60
"3070",415,405,80
"3071",307,522,71
"3072",402,408,90
"3073",382,465,53
"3074",452,380,68
"3075",434,396,70
"3076",336,481,83
"3077",457,347,96
"3078",382,458,60
"3079",416,400,84
"3080",418,399,83
"3081",502,325,73
"3082",403,406,91
"3083",354,470,76
"3084",487,333,80
"3085",458,360,82
"3086",442,376,82
"3087",352,468,80
"3088",382,427,91
"3089",372,434,94
"3090",300,544,56
"3091",436,392,72
"3092",414,390,96
"3093",402,423,75
"3094",374,455,71
"3095",369,430,101
"3096",388,438,74
"3097",374,460,66
"3098",461,354,85
"3099",345,476,79
"3100",398,410,92
"3101",395,397,108
"3102",419,397,84
"3103",363,471,66
"3104",381,433,86
"3105",391,411,98
"3106",321,502,77
"3107",442,374,84
"3108",408,425,67
"3109",439,395,66
"3110",403,436,61
"3111",427,409,64
"3112",448,393,59
"3113",438,389,73
"3114",490,349,61
"3115",461,367,72
"3116",441,383,76
"3117",509,328,63
"3118",445,374,81
"3119",438,383,79
"3120",401,423,76
"3121",358,448,94
"3122",542,284,74
"3123",427,378,95
"3124",419,382,99
"3125",487,340,73
"3126",383,410,107
"3127",429,409,62
"3128",389,402,109
"3129",504,317,79
"3130",346,464,90
"3131",399,427,74
"3132",386,439,75
"3133",437,363,100
"3134",528,267,105
"3135",452,369,79
"3136",384,450,66
"3137",376,451,73
"3138",331,482,87
"3139",371,444,85
"3140",404,433,63
"3141",396,417,87
"3142",476,350,74
"3143",356,459,85
"3144",257,575,68
"3145",384,461,55
"3146",412,379,109
"3147",486,333,81
"3148",395,435,70
"3149",404,424,72
"3150",420,418,62
"3151",471,379,50
"3152",525,299,76
"3153",402,392,106
"3154",382,442,76
"3155",346,493,61
"3156",311,474,115
"3157",297,549,54
"3158",502,338,60
"3159",345,491,64
"3160",532,300,68
"3161",329,475,96
"3162",421,397,82
"3163",316,492,92
"3164",455,351,94
"3165",349,475,76
"3166",505,331,64
"3167",461,356,83
"3168",495,340,65
"3169",319,513,68
"3170",512,323,65
"3171",429,390,81
"3172",605,230,65
"3173",434,379,87
"3174",388,456,56
"3175",462,366,72
"3176",513,306,81
"3177",466,362,72
"3178",336,483,81
"3179",402,418,80
"3180",385,440,75
"3181",378,445,77
"3182",283,542,75
"3183",423,336,141
"3184",386,449,65
"3185",408,399,93
"3186",406,425,69
"3187",277,552,71
"3188",387,451,62
"3189",339,494,67
"3190",401,388,111
"3191",392,425,83
"3192",445,370,85
"3193",339,498,63
"3194",450,361,89
"3195",404,413,83
"3196",354,479,67
"3197",273,521,106
"3198",419,388,93
"3199",398,431,71
"3200",409,389,102
"3201",494,337,69
"3202",386,431,83
"3203",469,357,74
"3204",382,430,88
"3205",294,520,86
"3206",368,468,64
"3207",366,458,76
"3208",413,402,85
"3209",477,341,82
"3210",358,477,65
"3211",391,441,68
"3212",297,532,71
"3213",416,417,67
"3214",416,407,77
"3215",349,439,112
"3216",481,345,74
"3217",323,496,81
"3218",410,390,100
"3219",468,347,85
"3220",428,402,70
"3221",386,415,99
"3222",470,368,62
"3223",483,346,71
"3224",444,379,77
"3225",401,420,79
"3226",356,471,73
"3227",464,349,87
"3228",381,451,68
"3229",508,301,91
"3230",350,455,95
"3231",364,444,92
"3232",399,434,67
"3233",436,383,81
"3234",363,459,78
"3235",370,484,46
"3236",380,443,77
"3237",445,360,95
"3238",435,398,67
"3239",316,514,70
"3240",450,370,80
"3241",438,380,82
"3242",272,537,91
"3243",412,407,81
"3244",329,515,56
"3245",386,421,93
"3246",383,462,55
"3247",390,438,72
"3248",394,419,87
"3249",417,390,93
"3250",357,444,99
"3251",373,439,88
"3252",446,380,74
"3253",361,464,75
"3254",354,458,88
"3255",417,406,77
"3256",385,436,79
"3257",315,517,68
"3258",281,528,91
"3259",428,360,112
"3260",488,330,82
"3261",473,352,75
"3262",361,447,92
"3263",475,356,69
"3264",419,416,65
"3265",448,365,87
"3266",417,391,92
"3267",464,351,85
"3268",307,511,82
"3269",331,508,61
"3270",357,455,88
"3271",398,414,88
"3272",380,419,101
"3273",392,440,68
"3274",467,375,58
"3275",544,285,71
"3276",480,337,83
"3277",520,306,74
"3278",419,400,81
"3279",461,352,87
"3280",372,461,67
"3281",524,327,49
"3282",404,422,74
"3283",498,329,73
"3284",454,348,98
"3285",490,315,95
"3286",429,369,102
"3287",360,459,81
"3288",570,241,89
"3289",440,376,84
"3290",295,520,85
"3291",371,432,97
"3292",257,562,81
"3293",370,446,84
"3294",273,546,81
"3295",432,410,58
"3296",400,413,87
"3297",363,463,74
"3298",422,410,68
"3299",337,462,101
"3300",433,363,104
"3301",249,561,90
"3302",328,504,68
"3303",446,369,85
"3304",436,365,99
"3305",386,427,87
"3306",480,338,82
"3307",441,386,73
"3308",414,428,58
"3309",538,296,66
"3310",408,408,84
"3311",540,252,108
"3312",448,383,69
"3313",300,536,64
"3314",493,323,84
"3315",447,355,98
"3316",486,351,63
"3317",403,389,108
"3318",410,418,72
"3319",291,532,77
"3320",392,404,104
"3321",430,399,71
"3322",433,397,70
"3323",375,440,85
"3324",333,486,81
"3325",430,375,95
"3326",443,392,65
"3327",383,449,68
"3328",409,411,80
"3329",354,474,72
"3330",443,391,66
"3331",323,480,97
"3332",394,429,77
"3333",366,458,76
"3334",374,463,63
"3335",457,387,56
"3336",396,426,78
"3337",472,337,91
"3338",415,414,71
"3339",276,544,80
"3340",437,390,73
"3341",341,491,68
"3342",435,395,70
"3343",398,428,74
"3344",385,426,89
"3345",410,411,79
"3346",318,513,69
"3347",377,435,88
"3348",343,461,96
"3349",453,375,72
"3350",360,465,75
"3351",446,368,86
"3352",395,417,88
"3353",458,357,85
"3354",353,477,70
"3355",506,348,46
"3356",420,400,80
"3357",532,292,76
"3358",461,370,69
"3359",395,403,102
"3360",334,486,80
"3361",402,413,85
"3362",449,368,83
"3363",407,393,100
"3364",358,482,60
"3365",354,464,82
"3366",463,349,88
"3367",354,492,54
"3368",357,459,84
"3369",399,430,71
"3370",389,441,70
"3371",338,461,101
"3372",346,481,73
"3373",412,422,66
"3374",311,446,143
"3375",379,444,77
"3376",368,388,144
"3377",427,384,89
"3378",564,269,67
"3379",475,359,66
"3380",368,443,89
"3381",339,480,81
"3382",443,361,96
"3383",373,449,78
"3384",460,359,81
"3385",307,514,79
"3386",474,353,73
"3387",349,431,120
"3388",450,371,79
"3389",332,477,91
"3390",483,333,84
"3391",349,454,97
"3392",499,317,84
"3393",367,392,141
"3394",322,494,84
"3395",511,326,63
"3396",427,378,95
"3397",387,432,81
"3398",450,387,63
"3399",380,436,84
"3400",545,296,59
"3401",392,442,66
"3402",408,419,73
"3403",457,362,81
"3404",378,445,77
"3405",362,460,78
"3406",353,478,69
"3407",515,323,62
"3408",420,402,78
"3409",406,434,60
"3410",482,331,87
"3411",335,467,98
"3412",446,385,69
"3413",522,313,65
"3414",301,522,77
"3415",429,412,59
"3416",325,525,50
"3417",497,322,81
"3418",355,473,72
"3419",389,441,70
"3420",352,469,79
"3421",457,379,64
"3422",547,273,80
"3423",387,460,53
"3424",345,477,78
"3425",406,408,86
"3426",512,304,84
"3427",416,415,69
"3428",416,400,84
"3429",374,437,89
"3430",403,428,69
"3431",370,442,88
"3432",436,381,83
"3433",442,385,73
"3434",294,526,80
"3435",481,325,94
"3436",394,415,91
"3437",356,469,75
"3438",347,466,87
"3439",335,512,53
"3440",479,353,68
"3441",392,430,78
"3442",454,373,73
"3443",435,371,94
"3444",421,377,102
"3445",445,353,102
"3446",456,373,71
"3447",389,435,76
"3448",480,341,79
"3449",296,542,62
"3450",477,355,68
"3451",522,307,71
"3452",439,376,85
"3453",378,429,93
"3454",418,407,75
"3455",348,492,60
"3456",365,462,73
"3457",426,405,69
"3458",532,270,98
"3459",391,435,74
"3460",402,386,112
"3461",331,503,66
"3462",314,502,84
"3463",560,257,83
"3464",445,370,85
"3465",405,432,63
"3466",432,377,91
"3467",471,357,72
"3468",492,326,82
"3469",403,413,84
"3470",393,436,71
"3471",471,364,65
"3472",468,363,69
"3473",447,345,108
"3474",388,445,67
"3475",356,438,106
"3476",383,408,109
"3477",464,361,75
"3478",379,455,66
"3479",370,453,77
"3480",314,505,81
"3481",463,359,78
"3482",432,378,90
"3483",399,440,61
"3484",561,274,65
"3485",416,407,77
"3486",399,381,120
"3487",384,430,86
"3488",444,364,92
"3489",422,360,118
"3490",476,369,55
"3491",437,385,78
"3492",342,492,66
"3493",447,384,69
"3494",411,414,75
"3495",509,336,55
"3496",411,404,85
"3497",392,433,75
"3498",453,357,90
"3499",344,484,72
"3500",449,381,70
"3501",412,417,71
"3502",363,446,91
"3503",288,512,100
"3504",467,378,55
"3505",342,474,84
"3506",475,359,66
"3507",332,502,66
"3508",323,500,77
"3509",379,446,75
"3510",403,430,67
"3511",235,600,65
"3512",427,399,74
"3513",250,602,48
"3514",418,425,57
"3515",426,402,72
"3516",464,343,93
"3517",377,422,101
"3518",370,457,73
"3519",446,375,79
"3520",360,461,79
"3521",481,333,86
"3522",394,427,79
"3523",433,400,67
"3524",513,298,89
"3525",540,300,60
"3526",371,467,62
"3527",335,475,90
"3528",406,429,65
"3529",390,432,78
"3530",415,414,71
"3531",484,350,66
"3532",360,466,74
"3533",549,274,77
"3534",343,479,78
"3535",446,384,70
"3536",346,468,86
"3537",357,476,67
"3538",409,413,78
"3539",452,375,73
"3540",369,472,59
"3541",466,351,83
"3542",373,439,88
"3543",395,410,95
"3544",346,450,104
"3545",495,340,65
"3546",355,476,69
"3547",303,541,56
"3548",352,481,67
"3549",460,366,74
"3550",353,476,71
"3551",347,476,77
"3552",372,440,88
"3553",385,464,51
"3554",412,412,76
"3555",462,384,54
"3556",480,324,96
"3557",318,502,80
"3558",478,356,66
"3559",428,399,73
"3560",454,384,62
"3561",492,311,97
"3562",471,351,78
"3563",351,474,75
"3564",432,386,82
"3565",460,356,84
"3566",423,361,116
"3567",457,369,74
"3568",291,507,102
"3569",326,505,69
"3570",535,289,76
"3571",426,400,74
"3572",420,386,94
"3573",336,459,105
"3574",399,423,78
"3575",442,389,69
"3576",511,333,56
"3577",403,412,85
"3578",342,481,77
"3579",465,362,73
"3580",476,359,65
"3581",346,485,69
"3582",297,502,101
"3583",323,500,77
"3584",378,448,74
"3585",505,300,95
"3586",484,333,83
"3587",463,360,77
"3588",348,481,71
"3589",430,405,65
"3590",422,427,51
"3591",298,527,75
"3592",337,488,75
"3593",539,285,76
"3594",309,505,86
"3595",303,513,84
"3596",435,376,89
"3597",372,452,76
"3598",531,303,66
"3599",380,445,75
"3600",534,307,59
"3601",438,396,66
"3602",535,288,77
"3603",372,437,91
"3604",450,382,68
"3605",320,486,94
"3606",274,541,85
"3607",372,436,92
"3608",539,299,62
"3609",441,376,83
"3610",249,567,84
"3611",539,274,87
"3612",367,457,76
"3613",425,373,102
"3614",399,425,76
"3615",412,428,60
"3616",284,551,65
"3617",533,316,51
"3618",413,421,66
"3619",502,313,85
"3620",382,456,62
"3621",353,463,84
"3622",484,326,90
"3623",467,360,73
"3624",412,410,78
"3625",324,494,82
"3626",397,428,75
"3627",468,330,102
"3628",445,374,81
"3629",412,419,69
"3630",435,377,88
"3631",428,407,65
"3632",457,366,77
"3633",453,359,88
"3634",557,280,63
"3635",434,402,64
"3636",394,437,69
"3637",457,364,79
"3638",490,332,78
"3639",282,552,66
"3640",365,448,87
"3641",396,443,61
"3642",425,409,66
"3643",382,431,87
"3644",270,562,68
"3645",405,425,70
"3646",490,324,86
"3647",335,462,103
"3648",390,428,82
"3649",426,394,80
"3650",438,398,64
"3651",566,276,58
"3652",292,533,75
"3653",342,450,108
"3654",479,362,59
"3655",339,483,78
"3656",452,371,77
"3657",367,466,67
"3658",427,386,87
"3659",406,424,70
"3660",366,428,106
"3661",465,337,98
"3662",362,451,87
"3663",554,277,69
"3664",337,467,96
"3665",372,461,67
"3666",372,434,94
"3667",456,370,74
"3668",475,344,81
"3669",454,343,103
"3670",388,445,67
"3671",392,428,80
"3672",582,237,81
"3673",358,473,69
"3674",350,488,62
"3675",383,413,104
"3676",331,502,67
"3677",390,441,69
"3678",398,422,80
"3679",458,383,59
"3680",402,435,63
"3681",571,270,59
"3682",477,353,70
"3683",410,427,63
"3684",420,370,110
"3685",463,373,64
"3686",450,386,64
"3687",417,409,74
"3688",531,297,72
"3689",522,294,84
"3690",312,487,101
"3691",344,483,73
"3692",348,453,99
"3693",481,351,68
"3694",503,323,74
"3695",464,332,104
"3696",389,425,86
"3697",259,579,62
"3698",400,404,96
"3699",336,498,66
"3700",313,504,83
"3701",409,407,84
"3702",344,478,78
"3703",512,304,84
"3704",464,354,82
"3705",320,497,83
"3706",470,360,70
"3707",454,374,72
"3708",426,413,61
"3709",405,421,74
"3710",484,349,67
"3711",384,437,79
"3712",465,368,67
"3713",347,472,81
"3714",273,547,80
"3715",459,361,80
"3716",394,430,76
"3717",508,322,70
"3718",409,418,73
"3719",376,450,74
"3720",520,313,67
"3721",432,336,132
"3722",515,306,79
"3723",457,361,82
"3724",337,467,96
"3725",486,355,59
"3726",347,471,82
"3727",375,438,87
"3728",375,438,87
"3729",343,480,77
"3730",476,334,90
"3731",477,316,107
"3732",424,412,64
"3733",360,475,65
"3734",490,320,90
"3735",418,396,86
"3736",376,441,83
"3737",367,422,111
"3738",556,272,72
"3739",344,446,110
"3740",394,420,86
"3741",403,409,88
"3742",492,339,69
"3743",450,384,66
"3744",354,468,78
"3745",483,357,60
"3746",352,455,93
"3747",441,376,83
"3748",334,501,65
"3749",329,490,81
"3750",391,447,62
"3751",427,396,77
"3752",598,241,61
"3753",342,478,80
"3754",526,310,64
"3755",451,364,85
"3756",418,391,91
"3757",476,364,60
"3758",459,342,99
"3759",361,458,81
"3760",343,491,66
"3761",388,411,101
"3762",449,370,81
"3763",403,439,58
"3764",441,380,79
"3765",400,427,73
"3766",422,380,98
"3767",403,422,75
"3768",349,477,74
"3769",402,421,77
"3770",475,355,70
"3771",421,397,82
"3772",434,377,89
"3773",412,407,81
"3774",383,444,73
"3775",425,409,66
"3776",435,391,74
"3777",529,303,68
"3778",323,490,87
"3779",358,429,113
"3780",387,438,75
"3781",413,380,107
"3782",471,357,72
"3783",358,466,76
"3784",463,359,78
"3785",355,460,85
"3786",386,432,82
"3787",470,358,72
"3788",459,378,63
"3789",322,458,120
"3790",410,388,102
"3791",480,343,77
"3792",323,493,84
"3793",319,529,52
"3794",399,426,75
"3795",421,411,68
"3796",442,375,83
"3797",330,508,62
"3798",432,340,128
"3799",422,415,63
"3800",381,464,55
"3801",414,407,79
"3802",540,278,82
"3803",427,385,88
"3804",506,300,94
"3805",408,435,57
"3806",363,462,75
"3807",299,514,87
"3808",484,351,65
"3809",528,312,60
"3810",405,436,59
"3811",330,482,88
"3812",233,553,114
"3813",467,355,78
"3814",394,413,93
"3815",356,466,78
"3816",309,485,106
"3817",566,273,61
"3818",308,515,77
"3819",385,422,93
"3820",503,320,77
"3821",438,401,61
"3822",440,380,80
"3823",435,388,77
"3824",383,423,94
"3825",412,403,85
"3826",272,556,72
"3827",435,356,109
"3828",351,489,60
"3829",373,429,98
"3830",521,321,58
"3831",351,474,75
"3832",355,460,85
"3833",532,294,74
"3834",375,461,64
"3835",482,326,92
"3836",370,462,68
"3837",488,335,77
"3838",295,527,78
"3839",284,562,54
"3840",324,506,70
"3841",322,509,69
"3842",282,522,96
"3843",233,607,60
"3844",446,352,102
"3845",459,328,113
"3846",288,522,90
"3847",377,446,77
"3848",477,356,67
"3849",356,456,88
"3850",484,341,75
"3851",509,323,68
"3852",498,323,79
"3853",342,485,73
"3854",417,403,80
"3855",529,321,50
"3856",349,473,78
"3857",351,465,84
"3858",559,266,75
"3859",302,506,92
"3860",327,485,88
"3861",420,403,77
"3862",283,540,77
"3863",482,345,73
"3864",381,461,58
"3865",360,457,83
"3866",407,383,110
"3867",559,266,75
"3868",370,453,77
"3869",361,471,68
"3870",402,418,80
"3871",456,361,83
"3872",395,436,69
"3873",343,496,61
"3874",394,437,69
"3875",408,395,97
"3876",495,347,58
"3877",304,542,54
"3878",302,505,93
"3879",288,517,95
"3880",394,446,60
"3881",445,357,98
"3882",315,501,84
"3883",491,341,68
"3884",326,464,110
"3885",484,338,78
"3886",410,408,82
"3887",460,374,66
"3888",352,480,68
"3889",490,341,69
"3890",440,387,73
"3891",587,225,88
"3892",539,291,70
"3893",369,452,79
"3894",446,400,54
"3895",378,423,99
"3896",458,363,79
"3897",493,347,60
"3898",487,307,106
"3899",338,492,70
"3900",398,423,79
"3901",477,364,59
"3902",382,435,83
"3903",397,428,75
"3904",380,441,79
"3905",411,405,84
"3906",410,407,83
"3907",426,403,71
"3908",385,431,84
"3909",325,479,96
"3910",497,338,65
"3911",517,325,58
"3912",381,405,114
"3913",434,392,74
"3914",374,455,71
"3915",353,476,71
"3916",315,492,93
"3917",366,440,94
"3918",344,461,95
"3919",331,481,88
"3920",333,511,56
"3921",406,409,85
"3922",512,298,90
"3923",279,551,70
"3924",370,439,91
"3925",296,532,72
"3926",393,420,87
"3927",450,369,81
"3928",456,385,59
"3929",398,442,60
"3930",292,498,110
"3931",353,471,76
"3932",406,427,67
"3933",378,439,83
"3934",318,477,105
"3935",387,454,59
"3936",356,469,75
"3937",485,349,66
"3938",541,266,93
"3939",314,514,72
"3940",362,474,64
"3941",563,233,104
"3942",383,444,73
"3943",463,364,73
"3944",407,409,84
"3945",335,498,67
"3946",380,436,84
"3947",505,346,49
"3948",447,392,61
"3949",454,376,70
"3950",324,495,81
"3951",554,272,74
"3952",391,437,72
"3953",426,390,84
"3954",387,453,60
"3955",522,319,59
"3956",336,492,72
"3957",414,408,78
"3958",290,534,76
"3959",313,517,70
"3960",392,430,78
"3961",380,458,62
"3962",502,316,82
"3963",350,488,62
"3964",421,407,72
"3965",395,414,91
"3966",363,471,66
"3967",374,478,48
"3968",404,404,92
"3969",455,364,81
"3970",355,479,66
"3971",455,351,94
"3972",471,355,74
"3973",407,398,95
"3974",394,452,54
"3975",379,437,84
"3976",455,378,67
"3977",379,438,83
"3978",488,347,65
"3979",372,444,84
"3980",571,209,120
"3981",430,406,64
"3982",340,467,93
"3983",354,481,65
"3984",381,420,99
"3985",342,488,70
"3986",406,412,82
"3987",421,393,86
"3988",571,265,64
"3989",348,459,93
"3990",384,429,87
"3991",431,407,62
"3992",393,436,71
"3993",463,370,67
"3994",432,342,126
"3995",398,423,79
"3996",442,380,78
"3997",385,454,61
"3998",409,407,84
"3999",391,424,85
"4000",451,381,68
"4001",331,469,100
"4002",429,388,83
"4003",306,521,73
"4004",423,418,59
"4005",446,358,96
"4006",371,461,68
"4007",481,352,67
"4008",320,491,89
"4009",413,404,83
"4010",391,431,78
"4011",455,371,74
"4012",471,354,75
"4013",434,389,77
"4014",404,419,77
"4015",368,450,82
"4016",511,315,74
"4017",447,394,59
"4018",409,414,77
"4019",372,461,67
"4020",429,349,122
"4021",439,406,55
"4022",362,456,82
"4023",435,409,56
"4024",363,462,75
"4025",388,448,64
"4026",546,289,65
"4027",360,477,63
"4028",464,370,66
"4029",461,365,74
"4030",420,397,83
"4031",422,407,71
"4032",461,331,108
"4033",345,487,68
"4034",398,438,64
"4035",481,342,77
"4036",385,444,71
"4037",466,359,75
"4038",441,376,83
"4039",502,298,100
"4040",452,365,83
"4041",438,365,97
"4042",454,358,88
"4043",476,346,78
"4044",295,537,68
"4045",383,432,85
"4046",458,377,65
"4047",473,337,90
"4048",408,407,85
"4049",396,447,57
"4050",321,511,68
"4051",384,428,88
"4052",441,360,99
"4053",366,474,60
"4054",387,440,73
"4055",524,283,93
"4056",515,305,80
"4057",354,497,49
"4058",404,385,111
"4059",354,451,95
"4060",392,409,99
"4061",454,374,72
"4062",323,520,57
"4063",477,355,68
"4064",315,499,86
"4065",467,346,87
"4066",281,526,93
"4067",251,568,81
"4068",431,398,71
"4069",558,277,65
"4070",491,353,56
"4071",503,313,84
"4072",527,305,68
"4073",344,480,76
"4074",469,359,72
"4075",398,423,79
"4076",310,495,95
"4077",402,415,83
"4078",316,509,75
"4079",506,330,64
"4080",485,325,90
"4081",405,420,75
"4082",424,379,97
"4083",363,453,84
"4084",471,349,80
"4085",474,349,77
"4086",443,377,80
"4087",412,403,85
"4088",444,391,65
"4089",479,352,69
"4090",545,276,79
"4091",437,389,74
"4092",527,293,80
"4093",349,469,82
"4094",372,468,60
"4095",375,438,87
"4096",393,436,71
"4097",513,272,115
"4098",469,366,65
"4099",429,381,90
"4100",393,417,90
"4101",358,463,79
"4102",540,288,72
"4103",431,379,90
"4104",422,408,70
"4105",404,387,109
"4106",502,337,61
"4107",464,364,72
"4108",537,295,68
"4109",461,333,106
"4110",419,409,72
"4111",370,465,65
"4112",337,420,143
"4113",382,434,84
"4114",440,396,64
"4115",401,427,72
"4116",366,437,97
"4117",601,246,53
"4118",506,333,61
"4119",499,324,77
"4120",375,444,81
"4121",305,529,66
"4122",456,385,59
"4123",404,414,82
"4124",451,388,61
"4125",309,519,72
"4126",506,318,76
"4127",389,434,77
"4128",360,477,63
"4129",498,322,80
"4130",318,515,67
"4131",419,412,69
"4132",438,385,77
"4133",439,400,61
"4134",386,435,79
"4135",452,377,71
"4136",431,381,88
"4137",370,452,78
"4138",355,474,71
"4139",431,378,91
"4140",432,379,89
"4141",406,425,69
"4142",418,420,62
"4143",355,465,80
"4144",334,478,88
"4145",376,412,112
"4146",386,450,64
"4147",558,273,69
"4148",489,313,98
"4149",440,392,68
"4150",390,433,77
"4151",417,385,98
"4152",279,540,81
"4153",492,335,73
"4154",399,441,60
"4155",366,456,78
"4156",342,482,76
"4157",538,266,96
"4158",406,415,79
"4159",446,394,60
"4160",510,302,88
"4161",321,497,82
"4162",412,366,122
"4163",330,488,82
"4164",563,258,79
"4165",370,453,77
"4166",435,370,95
"4167",427,381,92
"4168",337,471,92
"4169",506,322,72
"4170",363,435,102
"4171",430,378,92
"4172",490,329,81
"4173",384,435,81
"4174",391,423,86
"4175",387,428,85
"4176",410,411,79
"4177",411,415,74
"4178",424,414,62
"4179",445,382,73
"4180",395,433,72
"4181",373,438,89
"4182",480,348,72
"4183",366,465,69
"4184",384,442,74
"4185",487,326,87
"4186",368,475,57
"4187",474,358,68
"4188",519,301,80
"4189",372,452,76
"4190",291,531,78
"4191",360,470,70
"4192",367,457,76
"4193",362,468,70
"4194",373,452,75
"4195",465,342,93
"4196",307,518,75
"4197",575,256,69
"4198",566,279,55
"4199",289,509,102
"4200",375,444,81
"4201",505,319,76
"4202",223,594,83
"4203",356,475,69
"4204",494,317,89
"4205",381,434,85
"4206",328,471,101
"4207",309,511,80
"4208",308,511,81
"4209",467,347,86
"4210",367,460,73
"4211",462,345,93
"4212",357,479,64
"4213",327,511,62
"4214",412,408,80
"4215",365,464,71
"4216",450,342,108
"4217",317,517,66
"4218",456,369,75
"4219",380,433,87
"4220",391,434,75
"4221",336,477,87
"4222",439,397,64
"4223",437,389,74
"4224",407,428,65
"4225",407,420,73
"4226",508,340,52
"4227",384,431,85
"4228",384,446,70
"4229",509,329,62
"4230",455,362,83
"4231",457,359,84
"4232",371,453,76
"4233",496,345,59
"4234",443,381,76
"4235",432,388,80
"4236",491,339,70
"4237",466,368,66
"4238",443,360,97
"4239",570,260,70
"4240",411,416,73
"4241",349,473,78
"4242",308,508,84
"4243",293,524,83
"4244",461,343,96
"4245",242,578,80
"4246",313,525,62
"4247",564,257,79
"4248",395,433,72
"4249",398,421,81
"4250",479,331,90
"4251",428,391,81
"4252",373,439,88
"4253",456,384,60
"4254",441,377,82
"4255",411,406,83
"4256",391,449,60
"4257",522,298,80
"4258",321,451,128
"4259",405,416,79
"4260",396,435,69
"4261",373,454,73
"4262",303,502,95
"4263",450,363,87
"4264",551,279,70
"4265",472,348,80
"4266",516,289,95
"4267",396,428,76
"4268",391,456,53
"4269",481,341,78
"4270",388,438,74
"4271",274,564,62
"4272",369,474,57
"4273",360,477,63
"4274",417,416,67
"4275",304,507,89
"4276",382,432,86
"4277",426,405,69
"4278",412,398,90
"4279",473,350,77
"4280",492,354,54
"4281",404,421,75
"4282",346,484,70
"4283",489,326,85
"4284",413,393,94
"4285",491,329,80
"4286",444,361,95
"4287",464,367,69
"4288",374,466,60
"4289",400,425,75
"4290",418,420,62
"4291",277,519,104
"4292",313,504,83
"4293",477,342,81
"4294",368,451,81
"4295",443,369,88
"4296",450,382,68
"4297",517,299,84
"4298",450,360,90
"4299",420,396,84
"4300",373,455,72
"4301",591,236,73
"4302",453,376,71
"4303",430,396,74
"4304",467,351,82
"4305",425,375,100
"4306",444,387,69
"4307",361,457,82
"4308",408,411,81
"4309",576,273,51
"4310",286,535,79
"4311",358,442,100
"4312",375,482,43
"4313",452,378,70
"4314",377,449,74
"4315",340,495,65
"4316",306,526,68
"4317",406,422,72
"4318",588,256,56
"4319",398,419,83
"4320",454,369,77
"4321",415,423,62
"4322",420,407,73
"4323",448,364,88
"4324",327,489,84
"4325",456,362,82
"4326",298,532,70
"4327",299,517,84
"4328",392,414,94
"4329",407,413,80
"4330",452,368,80
"4331",426,393,81
"4332",447,393,60
"4333",435,405,60
"4334",365,442,93
"4335",393,431,76
"4336",485,325,90
"4337",347,464,89
"4338",503,315,82
"4339",508,317,75
"4340",451,359,90
"4341",413,411,76
"4342",439,385,76
"4343",385,459,56
"4344",345,463,92
"4345",430,388,82
"4346",435,390,75
"4347",505,329,66
"4348",331,494,75
"4349",446,369,85
"4350",456,360,84
"4351",485,366,49
"4352",425,400,75
"4353",338,498,64
"4354",307,513,80
"4355",453,376,71
"4356",489,344,67
"4357",326,486,88
"4358",445,366,89
"4359",236,584,80
"4360",583,271,46
"4361",543,285,72
"4362",465,340,95
"4363",347,452,101
"4364",383,440,77
"4365",407,404,89
"4366",308,488,104
"4367",469,353,78
"4368",406,409,85
"4369",459,345,96
"4370",453,348,99
"4371",433,380,87
"4372",426,403,71
"4373",235,566,99
"4374",342,464,94
"4375",508,297,95
"4376",484,351,65
"4377",308,481,111
"4378",389,421,90
"4379",336,482,82
"4380",451,370,79
"4381",316,504,80
"4382",442,381,77
"4383",329,504,67
"4384",336,486,78
"4385",532,302,66
"4386",445,393,62
"4387",473,363,64
"4388",332,480,88
"4389",430,396,74
"4390",469,355,76
"4391",381,444,75
"4392",493,338,69
"4393",410,414,76
"4394",345,481,74
"4395",538,287,75
"4396",411,412,77
"4397",404,424,72
"4398",468,362,70
"4399",433,369,98
"4400",398,385,117
"4401",306,520,74
"4402",502,306,92
"4403",322,513,65
"4404",599,206,95
"4405",372,466,62
"4406",351,465,84
"4407",385,447,68
"4408",424,407,69
"4409",334,499,67
"4410",426,381,93
"4411",518,311,71
"4412",536,293,71
"4413",444,363,93
"4414",393,422,85
"4415",384,455,61
"4416",227,578,95
"4417",511,319,70
"4418",447,382,71
"4419",397,438,65
"4420",441,394,65
"4421",463,351,86
"4422",373,425,102
"4423",503,346,51
"4424",347,471,82
"4425",404,435,61
"4426",451,333,116
"4427",326,511,63
"4428",525,318,57
"4429",427,387,86
"4430",394,414,92
"4431",265,532,103
"4432",351,472,77
"4433",494,335,71
"4434",551,257,92
"4435",321,486,93
"4436",364,440,96
"4437",324,506,70
"4438",355,477,68
"4439",431,402,67
"4440",444,381,75
"4441",428,395,77
"4442",495,338,67
"4443",551,277,72
"4444",489,325,86
"4445",361,448,91
"4446",348,473,79
"4447",380,443,77
"4448",599,237,64
"4449",454,357,89
"4450",258,585,57
"4451",528,298,74
"4452",384,444,72
"4453",365,443,92
"4454",477,337,86
"4455",425,403,72
"4456",287,528,85
"4457",255,565,80
"4458",417,386,97
"4459",396,395,109
"4460",372,429,99
"4461",397,435,68
"4462",447,389,64
"4463",558,263,79
"4464",376,429,95
"4465",345,461,94
"4466",345,480,75
"4467",416,371,113
"4468",492,325,83
"4469",411,383,106
"4470",343,443,114
"4471",495,339,66
"4472",591,252,57
"4473",534,310,56
"4474",447,371,82
"4475",393,415,92
"4476",432,388,80
"4477",420,399,81
"4478",477,350,73
"4479",543,289,68
"4480",464,329,107
"4481",375,458,67
"4482",427,410,63
"4483",449,374,77
"4484",455,372,73
"4485",324,493,83
"4486",450,352,98
"4487",425,405,70
"4488",436,399,65
"4489",491,332,77
"4490",468,350,82
"4491",344,467,89
"4492",439,376,85
"4493",509,323,68
"4494",234,585,81
"4495",548,283,69
"4496",363,458,79
"4497",297,512,91
"4498",472,349,79
"4499",328,476,96
"4500",375,438,87
"4501",549,270,81
"4502",466,327,107
"4503",241,571,88
"4504",475,346,79
"4505",332,481,87
"4506",446,370,84
"4507",432,395,73
"4508",391,427,82
"4509",421,406,73
"4510",381,452,67
"4511",393,386,121
"4512",341,487,72
"4513",391,429,80
"4514",453,374,73
"4515",415,419,66
"4516",463,352,85
"4517",294,546,60
"4518",372,446,82
"4519",377,451,72
"4520",365,450,85
"4521",356,489,55
"4522",391,428,81
"4523",489,333,78
"4524",361,445,94
"4525",337,481,82
"4526",493,350,57
"4527",499,327,74
"4528",558,277,65
"4529",438,382,80
"4530",379,435,86
"4531",477,351,72
"4532",597,247,56
"4533",371,453,76
"4534",332,485,83
"4535",388,446,66
"4536",383,467,50
"4537",507,332,61
"4538",421,393,86
"4539",435,389,76
"4540",444,382,74
"4541",354,453,93
"4542",395,427,78
"4543",236,599,65
"4544",466,348,86
"4545",375,448,77
"4546",338,472,90
"4547",344,473,83
"4548",427,395,78
"4549",460,374,66
"4550",570,269,61
"4551",350,476,74
"4552",356,485,59
"4553",333,485,82
"4554",275,546,79
"4555",469,342,89
"4556",416,422,62
"4557",400,424,76
"4558",504,300,96
"4559",497,326,77
"4560",476,366,58
"4561",357,463,80
"4562",341,477,82
"4563",498,324,78
"4564",485,330,85
"4565",385,437,78
"4566",438,389,73
"4567",412,407,81
"4568",423,390,87
"4569",336,480,84
"4570",432,410,58
"4571",476,331,93
"4572",291,498,111
"4573",368,464,68
"4574",444,386,70
"4575",256,563,81
"4576",402,401,97
"4577",295,540,65
"4578",313,475,112
"4579",425,390,85
"4580",453,383,64
"4581",413,387,100
"4582",369,460,71
"4583",412,414,74
"4584",574,265,61
"4585",445,353,102
"4586",563,255,82
"4587",386,430,84
"4588",291,526,83
"4589",468,347,85
"4590",344,452,104
"4591",483,340,77
"4592",457,376,67
"4593",431,404,65
"4594",361,443,96
"4595",285,518,97
"4596",412,414,74
"4597",485,340,75
"4598",420,408,72
"4599",412,421,67
"4600",366,445,89
"4601",538,299,63
"4602",467,378,55
"4603",392,424,84
"4604",441,378,81
"4605",357,479,64
"4606",373,423,104
"4607",518,301,81
"4608",535,294,71
"4609",541,273,86
"4610",418,410,72
"4611",420,413,67
"4612",299,526,75
"4613",379,465,56
"4614",389,438,73
"4615",343,465,92
"4616",318,484,98
"4617",447,364,89
"4618",372,444,84
"4619",270,542,88
"4620",452,365,83
"4621",433,392,75
"4622",506,330,64
"4623",398,423,79
"4624",432,379,89
"4625",365,468,67
"4626",447,373,80
"4627",431,372,97
"4628",344,470,86
"4629",402,413,85
"4630",465,320,115
"4631",429,387,84
"4632",402,426,72
"4633",351,441,108
"4634",420,421,59
"4635",384,455,61
"4636",389,437,74
"4637",501,313,86
"4638",262,541,97
"4639",415,417,68
"4640",368,444,88
"4641",395,436,69
"4642",504,318,78
"4643",302,520,78
"4644",524,284,92
"4645",400,420,80
"4646",398,426,76
"4647",428,380,92
"4648",482,332,86
"4649",481,341,78
"4650",579,217,104
"4651",409,416,75
"4652",432,388,80
"4653",527,309,64
"4654",393,441,66
"4655",362,466,72
"4656",334,500,66
"4657",459,347,94
"4658",522,316,62
"4659",348,476,76
"4660",322,482,96
"4661",376,436,88
"4662",386,430,84
"4663",465,334,101
"4664",526,304,70
"4665",389,405,106
"4666",400,433,67
"4667",459,371,70
"4668",307,524,69
"4669",403,431,66
"4670",506,307,87
"4671",474,341,85
"4672",383,444,73
"4673",410,391,99
"4674",431,390,79
"4675",454,382,64
"4676",405,401,94
"4677",415,361,124
"4678",590,251,59
"4679",350,480,70
"4680",465,379,56
"4681",453,369,78
"4682",447,358,95
"4683",445,368,87
"4684",388,429,83
"4685",348,475,77
"4686",483,351,66
"4687",376,415,109
"4688",327,516,57
"4689",365,432,103
"4690",428,404,68
"4691",475,344,81
"4692",296,523,81
"4693",490,331,79
"4694",443,376,81
"4695",533,302,65
"4696",380,456,64
"4697",464,354,82
"4698",473,355,72
"4699",279,564,57
"4700",464,368,68
"4701",335,499,66
"4702",367,436,97
"4703",488,339,73
"4704",362,419,119
"4705",410,415,75
"4706",388,440,72
"4707",294,482,124
"4708",373,432,95
"4709",444,387,69
"4710",295,516,89
"4711",438,387,75
"4712",500,312,88
"4713",408,408,84
"4714",458,376,66
"4715",327,511,62
"4716",452,382,66
"4717",325,485,90
"4718",343,462,95
"4719",441,385,74
"4720",413,375,112
"4721",382,425,93
"4722",361,456,83
"4723",356,476,68
"4724",302,520,78
"4725",326,489,85
"4726",367,450,83
"4727",362,470,68
"4728",345,488,67
"4729",454,373,73
"4730",431,392,77
"4731",373,442,85
"4732",351,470,79
"4733",400,390,110
"4734",531,293,76
"4735",563,285,52
"4736",567,280,53
"4737",370,467,63
"4738",560,250,90
"4739",538,304,58
"4740",518,311,71
"4741",349,454,97
"4742",507,320,73
"4743",279,544,77
"4744",474,342,84
"4745",354,456,90
"4746",337,488,75
"4747",309,518,73
"4748",428,357,115
"4749",423,376,101
"4750",426,399,75
"4751",411,396,93
"4752",439,390,71
"4753",402,423,75
"4754",395,420,85
"4755",288,535,77
"4756",440,378,82
"4757",427,400,73
"4758",332,508,60
"4759",419,416,65
"4760",466,345,89
"4761",514,322,64
"4762",329,501,70
"4763",390,380,130
"4764",488,330,82
"4765",551,290,59
"4766",503,341,56
"4767",445,370,85
"4768",373,441,86
"4769",475,352,73
"4770",476,346,78
"4771",421,400,79
"4772",374,462,64
"4773",459,382,59
"4774",288,534,78
"4775",426,372,102
"4776",237,572,91
"4777",445,377,78
"4778",362,460,78
"4779",236,596,68
"4780",335,471,94
"4781",525,275,100
"4782",488,335,77
"4783",307,521,72
"4784",408,408,84
"4785",429,377,94
"4786",412,407,81
"4787",375,438,87
"4788",519,313,68
"4789",481,349,70
"4790",485,320,95
"4791",420,403,77
"4792",554,287,59
"4793",427,375,98
"4794",366,458,76
"4795",324,502,74
"4796",448,383,69
"4797",500,305,95
"4798",374,437,89
"4799",423,409,68
"4800",512,312,76
"4801",395,433,72
"4802",403,418,79
"4803",400,403,97
"4804",401,430,69
"4805",462,375,63
"4806",327,447,126
"4807",397,425,78
"4808",449,341,110
"4809",343,448,109
"4810",399,435,66
"4811",228,596,76
"4812",500,314,86
"4813",516,320,64
"4814",292,535,73
"4815",325,495,80
"4816",464,342,94
"4817",276,551,73
"4818",517,294,89
"4819",405,414,81
"4820",416,406,78
"4821",322,481,97
"4822",415,427,58
"4823",287,519,94
"4824",456,375,69
"4825",339,486,75
"4826",370,464,66
"4827",299,520,81
"4828",295,527,78
"4829",497,316,87
"4830",513,317,70
"4831",407,421,72
"4832",358,473,69
"4833",277,548,75
"4834",398,408,94
"4835",323,484,93
"4836",308,520,72
"4837",508,333,59
"4838",417,386,97
"4839",451,365,84
"4840",574,244,82
"4841",404,434,62
"4842",457,367,76
"4843",439,385,76
"4844",306,526,68
"4845",440,382,78
"4846",472,355,73
"4847",357,448,95
"4848",402,383,115
"4849",454,352,94
"4850",427,377,96
"4851",430,397,73
"4852",397,432,71
"4853",323,500,77
"4854",463,360,77
"4855",442,386,72
"4856",512,297,91
"4857",429,380,91
"4858",375,468,57
"4859",482,340,78
"4860",450,390,60
"4861",351,475,74
"4862",450,373,77
"4863",576,252,72
"4864",360,475,65
"4865",370,466,64
"4866",492,343,65
"4867",328,510,62
"4868",430,397,73
"4869",373,452,75
"4870",353,479,68
"4871",482,343,75
"4872",472,351,77
"4873",570,251,79
"4874",367,456,77
"4875",445,353,102
"4876",413,399,88
"4877",356,495,49
"4878",477,305,118
"4879",385,429,86
"4880",431,379,90
"4881",428,383,89
"4882",467,354,79
"4883",471,353,76
"4884",421,403,76
"4885",313,487,100
"4886",462,365,73
"4887",529,314,57
"4888",398,390,112
"4889",458,341,101
"4890",452,382,66
"4891",448,385,67
"4892",463,367,70
"4893",386,448,66
"4894",385,437,78
"4895",470,350,80
"4896",471,372,57
"4897",420,400,80
"4898",296,533,71
"4899",505,317,78
"4900",467,347,86
"4901",353,480,67
"4902",375,444,81
"4903",534,284,82
"4904",383,424,93
"4905",229,583,88
"4906",459,341,100
"4907",418,409,73
"4908",447,381,72
"4909",390,438,72
"4910",330,510,60
"4911",417,408,75
"4912",315,516,69
"4913",338,467,95
"4914",434,397,69
"4915",357,456,87
"4916",332,484,84
"4917",321,499,80
"4918",312,531,57
"4919",469,339,92
"4920",440,391,69
"4921",465,350,85
"4922",484,354,62
"4923",430,367,103
"4924",518,315,67
"4925",459,351,90
"4926",468,368,64
"4927",423,418,59
"4928",401,430,69
"4929",380,425,95
"4930",529,301,70
"4931",451,376,73
"4932",381,449,70
"4933",367,463,70
"4934",463,365,72
"4935",435,373,92
"4936",481,342,77
"4937",417,411,72
"4938",410,420,70
"4939",378,450,72
"4940",372,451,77
"4941",431,402,67
"4942",252,585,63
"4943",308,544,48
"4944",441,357,102
"4945",538,287,75
"4946",385,450,65
"4947",301,504,95
"4948",403,434,63
"4949",429,399,72
"4950",329,487,84
"4951",467,359,74
"4952",549,306,45
"4953",393,427,80
"4954",488,340,72
"4955",382,430,88
"4956",443,358,99
"4957",459,347,94
"4958",383,409,108
"4959",433,370,97
"4960",488,354,58
"4961",400,417,83
"4962",360,456,84
"4963",326,495,79
"4964",372,441,87
"4965",344,500,56
"4966",391,444,65
"4967",461,355,84
"4968",312,525,63
"4969",321,507,72
"4970",430,386,84
"4971",401,432,67
"4972",444,392,64
"4973",412,421,67
"4974",450,372,78
"4975",344,462,94
"4976",425,388,87
"4977",538,294,68
"4978",532,271,97
"4979",346,476,78
"4980",325,465,110
"4981",437,391,72
"4982",482,346,72
"4983",493,339,68
"4984",407,411,82
"4985",371,443,86
"4986",496,324,80
"4987",309,533,58
"4988",388,410,102
"4989",473,341,86
"4990",515,305,80
"4991",337,478,85
"4992",444,381,75
"4993",405,399,96
"4994",376,429,95
"4995",357,468,75
"4996",378,435,87
"4997",326,477,97
"4998",312,502,86
"4999",489,343,68
"5000",355,496,49
