"","doseB","doseA","tie"
"1",551,300,49
"2",415,435,50
"3",526,314,60
"4",396,441,63
"5",589,275,36
"6",444,409,47
"7",470,385,45
"8",396,455,49
"9",444,403,53
"10",383,459,58
"11",427,413,60
"12",603,219,78
"13",305,551,44
"14",542,305,53
"15",455,384,61
"16",388,465,47
"17",463,387,50
"18",424,404,72
"19",513,329,58
"20",404,421,75
"21",406,438,56
"22",452,405,43
"23",458,381,61
"24",435,405,60
"25",482,361,57
"26",601,258,41
"27",336,510,54
"28",411,432,57
"29",419,434,47
"30",417,427,56
"31",461,396,43
"32",387,471,42
"33",497,351,52
"34",451,407,42
"35",430,412,58
"36",485,360,55
"37",494,344,62
"38",360,480,60
"39",459,388,53
"40",357,462,81
"41",477,353,70
"42",375,462,63
"43",452,392,56
"44",490,361,49
"45",463,381,56
"46",484,356,60
"47",365,472,63
"48",534,314,52
"49",533,310,57
"50",473,353,74
"51",458,388,54
"52",555,303,42
"53",391,443,66
"54",369,469,62
"55",490,349,61
"56",484,345,71
"57",486,360,54
"58",512,335,53
"59",555,283,62
"60",472,360,68
"61",417,434,49
"62",366,478,56
"63",421,411,68
"64",422,429,49
"65",337,511,52
"66",462,347,91
"67",452,396,52
"68",440,380,80
"69",440,397,63
"70",528,313,59
"71",470,364,66
"72",448,385,67
"73",471,374,55
"74",486,345,69
"75",283,586,31
"76",363,484,53
"77",462,375,63
"78",479,351,70
"79",506,321,73
"80",621,239,40
"81",347,526,27
"82",320,519,61
"83",432,394,74
"84",343,510,47
"85",560,295,45
"86",420,401,79
"87",401,421,78
"88",482,374,44
"89",418,407,75
"90",331,513,56
"91",479,372,49
"92",595,247,58
"93",455,399,46
"94",483,355,62
"95",438,416,46
"96",525,344,31
"97",432,407,61
"98",348,504,48
"99",536,314,50
"100",481,368,51
"101",472,366,62
"102",459,391,50
"103",309,532,59
"104",525,320,55
"105",410,425,65
"106",401,443,56
"107",445,398,57
"108",496,336,68
"109",517,330,53
"110",420,412,68
"111",589,242,69
"112",532,293,75
"113",396,449,55
"114",465,374,61
"115",358,474,68
"116",511,346,43
"117",503,340,57
"118",504,352,44
"119",624,216,60
"120",545,311,44
"121",424,403,73
"122",393,438,69
"123",368,465,67
"124",357,481,62
"125",375,458,67
"126",420,439,41
"127",400,439,61
"128",472,360,68
"129",408,435,57
"130",573,276,51
"131",490,356,54
"132",496,312,92
"133",268,581,51
"134",561,308,31
"135",448,406,46
"136",476,364,60
"137",471,369,60
"138",389,461,50
"139",477,378,45
"140",418,422,60
"141",390,454,56
"142",395,437,68
"143",419,425,56
"144",427,430,43
"145",464,368,68
"146",469,357,74
"147",504,351,45
"148",518,344,38
"149",363,483,54
"150",474,375,51
"151",449,391,60
"152",336,494,70
"153",336,494,70
"154",362,503,35
"155",389,458,53
"156",443,395,62
"157",445,408,47
"158",513,336,51
"159",438,421,41
"160",488,361,51
"161",448,397,55
"162",407,428,65
"163",441,397,62
"164",498,346,56
"165",489,361,50
"166",459,393,48
"167",461,388,51
"168",540,308,52
"169",461,371,68
"170",417,417,66
"171",401,440,59
"172",476,361,63
"173",566,293,41
"174",407,440,53
"175",415,428,57
"176",501,345,54
"177",364,473,63
"178",427,428,45
"179",342,502,56
"180",376,476,48
"181",403,437,60
"182",502,326,72
"183",403,432,65
"184",440,391,69
"185",387,469,44
"186",468,372,60
"187",362,452,86
"188",383,436,81
"189",439,404,57
"190",351,472,77
"191",435,422,43
"192",379,467,54
"193",483,383,34
"194",340,495,65
"195",504,354,42
"196",487,366,47
"197",581,255,64
"198",439,423,38
"199",485,366,49
"200",478,380,42
"201",552,289,59
"202",415,425,60
"203",342,505,53
"204",446,410,44
"205",439,387,74
"206",457,380,63
"207",368,478,54
"208",408,435,57
"209",393,455,52
"210",403,449,48
"211",420,427,53
"212",416,445,39
"213",403,447,50
"214",390,432,78
"215",454,377,69
"216",416,433,51
"217",525,322,53
"218",282,546,72
"219",417,429,54
"220",357,478,65
"221",534,321,45
"222",481,359,60
"223",560,283,57
"224",488,327,85
"225",495,367,38
"226",412,418,70
"227",484,373,43
"228",532,314,54
"229",391,456,53
"230",260,589,51
"231",399,441,60
"232",541,307,52
"233",494,357,49
"234",540,308,52
"235",393,448,59
"236",447,402,51
"237",479,339,82
"238",463,369,68
"239",360,472,68
"240",359,500,41
"241",334,503,63
"242",581,268,51
"243",508,321,71
"244",566,287,47
"245",463,380,57
"246",452,379,69
"247",487,361,52
"248",474,375,51
"249",472,388,40
"250",503,365,32
"251",385,444,71
"252",486,367,47
"253",431,417,52
"254",484,357,59
"255",385,450,65
"256",381,455,64
"257",514,327,59
"258",429,418,53
"259",513,346,41
"260",360,484,56
"261",543,300,57
"262",399,449,52
"263",349,492,59
"264",395,452,53
"265",514,330,56
"266",492,359,49
"267",488,342,70
"268",474,378,48
"269",367,487,46
"270",514,336,50
"271",476,361,63
"272",506,357,37
"273",330,522,48
"274",557,281,62
"275",346,494,60
"276",455,397,48
"277",493,343,64
"278",502,358,40
"279",391,459,50
"280",350,481,69
"281",376,474,50
"282",502,344,54
"283",499,350,51
"284",451,382,67
"285",375,482,43
"286",479,372,49
"287",456,401,43
"288",537,309,54
"289",372,458,70
"290",494,353,53
"291",566,285,49
"292",512,341,47
"293",542,312,46
"294",475,365,60
"295",311,561,28
"296",500,336,64
"297",461,393,46
"298",440,398,62
"299",476,383,41
"300",527,335,38
"301",543,322,35
"302",413,442,45
"303",614,244,42
"304",502,347,51
"305",327,504,69
"306",466,391,43
"307",443,403,54
"308",422,393,85
"309",524,311,65
"310",523,315,62
"311",416,417,67
"312",482,360,58
"313",337,510,53
"314",450,381,69
"315",499,320,81
"316",397,424,79
"317",427,415,58
"318",475,382,43
"319",414,427,59
"320",458,386,56
"321",399,436,65
"322",476,369,55
"323",448,406,46
"324",453,397,50
"325",531,306,63
"326",486,365,49
"327",378,481,41
"328",449,414,37
"329",495,342,63
"330",430,418,52
"331",319,530,51
"332",512,331,57
"333",442,396,62
"334",354,478,68
"335",464,365,71
"336",352,485,63
"337",520,318,62
"338",461,383,56
"339",318,519,63
"340",435,406,59
"341",389,450,61
"342",403,434,63
"343",328,509,63
"344",393,452,55
"345",451,370,79
"346",454,395,51
"347",433,403,64
"348",458,408,34
"349",490,374,36
"350",358,462,80
"351",470,396,34
"352",406,456,38
"353",428,398,74
"354",410,445,45
"355",522,321,57
"356",481,375,44
"357",411,447,42
"358",427,413,60
"359",413,428,59
"360",548,311,41
"361",426,427,47
"362",488,340,72
"363",380,453,67
"364",405,440,55
"365",373,448,79
"366",421,436,43
"367",321,530,49
"368",387,462,51
"369",375,477,48
"370",347,489,64
"371",483,358,59
"372",471,391,38
"373",515,319,66
"374",432,403,65
"375",365,474,61
"376",453,408,39
"377",450,391,59
"378",630,234,36
"379",537,305,58
"380",478,391,31
"381",443,401,56
"382",448,394,58
"383",364,494,42
"384",438,404,58
"385",400,439,61
"386",536,307,57
"387",439,420,41
"388",436,412,52
"389",582,278,40
"390",444,377,79
"391",533,303,64
"392",513,314,73
"393",638,225,37
"394",423,429,48
"395",399,456,45
"396",559,283,58
"397",337,512,51
"398",472,350,78
"399",457,390,53
"400",401,451,48
"401",459,398,43
"402",403,442,55
"403",493,354,53
"404",529,309,62
"405",478,368,54
"406",471,377,52
"407",382,461,57
"408",624,223,53
"409",406,430,64
"410",452,378,70
"411",523,321,56
"412",489,362,49
"413",396,445,59
"414",561,285,54
"415",529,337,34
"416",475,369,56
"417",469,352,79
"418",413,428,59
"419",396,454,50
"420",459,387,54
"421",412,424,64
"422",486,349,65
"423",566,287,47
"424",486,360,54
"425",459,369,72
"426",386,472,42
"427",569,290,41
"428",364,485,51
"429",453,396,51
"430",561,291,48
"431",382,445,73
"432",485,355,60
"433",544,309,47
"434",504,351,45
"435",598,245,57
"436",468,377,55
"437",434,416,50
"438",471,355,74
"439",537,291,72
"440",403,435,62
"441",486,351,63
"442",528,302,70
"443",513,335,52
"444",418,413,69
"445",356,469,75
"446",438,422,40
"447",403,435,62
"448",596,251,53
"449",334,509,57
"450",336,496,68
"451",461,373,66
"452",473,356,71
"453",410,446,44
"454",397,440,63
"455",584,265,51
"456",407,449,44
"457",423,426,51
"458",354,487,59
"459",460,387,53
"460",495,352,53
"461",443,390,67
"462",450,403,47
"463",454,368,78
"464",553,289,58
"465",428,429,43
"466",562,288,50
"467",340,511,49
"468",392,461,47
"469",439,415,46
"470",381,479,40
"471",493,350,57
"472",384,469,47
"473",425,416,59
"474",448,383,69
"475",349,497,54
"476",420,446,34
"477",409,429,62
"478",405,442,53
"479",502,340,58
"480",327,523,50
"481",468,384,48
"482",537,310,53
"483",343,489,68
"484",478,371,51
"485",460,396,44
"486",555,281,64
"487",456,372,72
"488",569,276,55
"489",546,301,53
"490",398,448,54
"491",381,463,56
"492",369,481,50
"493",360,490,50
"494",463,380,57
"495",603,255,42
"496",449,405,46
"497",512,328,60
"498",504,362,34
"499",464,377,59
"500",518,334,48
"501",337,522,41
"502",467,350,83
"503",385,455,60
"504",481,365,54
"505",486,385,29
"506",488,358,54
"507",566,266,68
"508",460,405,35
"509",441,410,49
"510",547,280,73
"511",502,343,55
"512",368,477,55
"513",455,398,47
"514",411,444,45
"515",561,269,70
"516",556,299,45
"517",456,371,73
"518",644,219,37
"519",426,427,47
"520",408,444,48
"521",351,496,53
"522",425,420,55
"523",484,353,63
"524",422,405,73
"525",438,407,55
"526",441,418,41
"527",393,452,55
"528",433,419,48
"529",482,341,77
"530",465,369,66
"531",428,414,58
"532",397,449,54
"533",554,307,39
"534",496,351,53
"535",482,365,53
"536",421,408,71
"537",473,390,37
"538",452,384,64
"539",520,321,59
"540",374,471,55
"541",406,449,45
"542",397,437,66
"543",480,370,50
"544",434,369,97
"545",451,404,45
"546",377,478,45
"547",481,362,57
"548",455,400,45
"549",330,506,64
"550",330,527,43
"551",585,275,40
"552",429,435,36
"553",376,463,61
"554",535,315,50
"555",472,365,63
"556",405,441,54
"557",472,376,52
"558",351,494,55
"559",574,275,51
"560",399,451,50
"561",443,379,78
"562",463,380,57
"563",531,312,57
"564",446,415,39
"565",391,456,53
"566",439,412,49
"567",443,392,65
"568",460,381,59
"569",431,420,49
"570",576,262,62
"571",577,285,38
"572",402,413,85
"573",542,282,76
"574",494,356,50
"575",404,452,44
"576",404,429,67
"577",486,362,52
"578",409,438,53
"579",522,305,73
"580",350,482,68
"581",424,416,60
"582",459,372,69
"583",447,414,39
"584",240,610,50
"585",408,430,62
"586",489,362,49
"587",289,544,67
"588",454,395,51
"589",612,239,49
"590",399,434,67
"591",481,372,47
"592",487,346,67
"593",450,399,51
"594",346,498,56
"595",507,345,48
"596",479,351,70
"597",429,411,60
"598",410,436,54
"599",383,453,64
"600",325,518,57
"601",394,451,55
"602",481,369,50
"603",498,358,44
"604",494,353,53
"605",409,427,64
"606",353,498,49
"607",399,444,57
"608",288,556,56
"609",480,363,57
"610",478,375,47
"611",335,499,66
"612",526,325,49
"613",402,442,56
"614",464,396,40
"615",402,436,62
"616",522,323,55
"617",554,271,75
"618",418,433,49
"619",433,421,46
"620",489,350,61
"621",506,339,55
"622",544,292,64
"623",454,384,62
"624",407,435,58
"625",481,365,54
"626",473,387,40
"627",292,545,63
"628",434,406,60
"629",375,486,39
"630",387,458,55
"631",437,408,55
"632",340,499,61
"633",524,320,56
"634",421,409,70
"635",502,355,43
"636",503,325,72
"637",495,342,63
"638",531,324,45
"639",484,371,45
"640",336,496,68
"641",478,353,69
"642",484,375,41
"643",455,392,53
"644",470,370,60
"645",389,467,44
"646",529,332,39
"647",479,357,64
"648",389,429,82
"649",443,377,80
"650",472,358,70
"651",571,283,46
"652",434,431,35
"653",510,339,51
"654",516,313,71
"655",440,384,76
"656",485,362,53
"657",483,371,46
"658",356,485,59
"659",528,314,58
"660",350,494,56
"661",365,479,56
"662",578,266,56
"663",382,464,54
"664",313,532,55
"665",559,286,55
"666",439,391,70
"667",619,233,48
"668",376,470,54
"669",448,399,53
"670",469,375,56
"671",615,230,55
"672",374,464,62
"673",490,352,58
"674",559,288,53
"675",385,474,41
"676",465,395,40
"677",482,370,48
"678",569,285,46
"679",612,234,54
"680",448,378,74
"681",324,531,45
"682",530,328,42
"683",449,393,58
"684",518,323,59
"685",477,364,59
"686",412,434,54
"687",417,407,76
"688",555,286,59
"689",512,320,68
"690",442,398,60
"691",423,439,38
"692",426,411,63
"693",503,324,73
"694",489,350,61
"695",526,312,62
"696",453,386,61
"697",455,405,40
"698",424,410,66
"699",386,471,43
"700",446,386,68
"701",575,282,43
"702",421,418,61
"703",296,559,45
"704",449,390,61
"705",448,392,60
"706",356,490,54
"707",439,400,61
"708",453,387,60
"709",367,479,54
"710",417,421,62
"711",434,403,63
"712",558,290,52
"713",403,438,59
"714",504,346,50
"715",469,379,52
"716",406,430,64
"717",498,336,66
"718",353,493,54
"719",503,352,45
"720",534,319,47
"721",506,338,56
"722",468,387,45
"723",396,430,74
"724",544,307,49
"725",397,446,57
"726",473,359,68
"727",580,263,57
"728",428,421,51
"729",468,345,87
"730",437,395,68
"731",469,383,48
"732",451,402,47
"733",439,411,50
"734",448,391,61
"735",400,429,71
"736",465,388,47
"737",422,417,61
"738",461,374,65
"739",459,396,45
"740",553,300,47
"741",415,431,54
"742",359,477,64
"743",433,407,60
"744",500,337,63
"745",364,464,72
"746",544,295,61
"747",469,355,76
"748",332,516,52
"749",490,346,64
"750",445,401,54
"751",409,426,65
"752",411,430,59
"753",417,424,59
"754",344,495,61
"755",432,425,43
"756",419,438,43
"757",478,358,64
"758",417,443,40
"759",312,525,63
"760",388,461,51
"761",489,336,75
"762",438,397,65
"763",383,468,49
"764",483,373,44
"765",433,413,54
"766",468,381,51
"767",369,480,51
"768",401,430,69
"769",396,450,54
"770",348,480,72
"771",602,251,47
"772",469,370,61
"773",456,386,58
"774",561,300,39
"775",461,373,66
"776",402,428,70
"777",420,408,72
"778",468,387,45
"779",417,436,47
"780",513,335,52
"781",431,425,44
"782",561,298,41
"783",525,324,51
"784",472,382,46
"785",451,381,68
"786",499,334,67
"787",400,419,81
"788",363,486,51
"789",277,569,54
"790",455,393,52
"791",404,428,68
"792",453,399,48
"793",326,521,53
"794",442,389,69
"795",496,355,49
"796",301,539,60
"797",447,390,63
"798",526,327,47
"799",506,334,60
"800",590,266,44
"801",443,388,69
"802",450,399,51
"803",341,517,42
"804",361,487,52
"805",481,360,59
"806",413,433,54
"807",462,389,49
"808",418,435,47
"809",444,376,80
"810",411,416,73
"811",453,392,55
"812",460,395,45
"813",356,497,47
"814",414,436,50
"815",558,276,66
"816",369,478,53
"817",459,391,50
"818",380,465,55
"819",434,397,69
"820",552,300,48
"821",497,335,68
"822",415,433,52
"823",421,429,50
"824",505,353,42
"825",390,443,67
"826",454,387,59
"827",466,371,63
"828",426,428,46
"829",441,393,66
"830",516,320,64
"831",588,268,44
"832",368,483,49
"833",504,338,58
"834",515,324,61
"835",522,319,59
"836",496,364,40
"837",394,464,42
"838",417,442,41
"839",394,454,52
"840",478,374,48
"841",458,393,49
"842",390,464,46
"843",480,347,73
"844",503,350,47
"845",443,397,60
"846",564,289,47
"847",452,374,74
"848",307,545,48
"849",417,410,73
"850",556,287,57
"851",391,466,43
"852",537,323,40
"853",437,426,37
"854",487,370,43
"855",362,495,43
"856",478,362,60
"857",586,257,57
"858",449,392,59
"859",670,198,32
"860",535,308,57
"861",396,459,45
"862",436,396,68
"863",421,420,59
"864",450,409,41
"865",491,375,34
"866",576,285,39
"867",511,320,69
"868",501,353,46
"869",568,279,53
"870",355,489,56
"871",476,374,50
"872",506,351,43
"873",436,395,69
"874",599,241,60
"875",443,413,44
"876",466,384,50
"877",552,279,69
"878",356,485,59
"879",505,334,61
"880",377,462,61
"881",528,320,52
"882",558,298,44
"883",514,332,54
"884",473,362,65
"885",401,435,64
"886",493,360,47
"887",361,469,70
"888",378,462,60
"889",463,379,58
"890",399,436,65
"891",526,323,51
"892",540,299,61
"893",476,351,73
"894",421,433,46
"895",519,330,51
"896",287,554,59
"897",393,452,55
"898",427,404,69
"899",570,279,51
"900",605,244,51
"901",517,323,60
"902",500,363,37
"903",412,437,51
"904",517,334,49
"905",375,462,63
"906",417,439,44
"907",446,387,67
"908",424,428,48
"909",388,458,54
"910",331,511,58
"911",477,372,51
"912",569,280,51
"913",450,397,53
"914",331,524,45
"915",523,322,55
"916",321,521,58
"917",302,540,58
"918",505,327,68
"919",599,257,44
"920",465,370,65
"921",444,396,60
"922",472,377,51
"923",413,427,60
"924",310,546,44
"925",421,405,74
"926",474,345,81
"927",411,442,47
"928",463,376,61
"929",413,424,63
"930",483,349,68
"931",465,378,57
"932",550,294,56
"933",493,363,44
"934",465,390,45
"935",388,453,59
"936",442,388,70
"937",487,342,71
"938",453,396,51
"939",449,389,62
"940",446,383,71
"941",507,330,63
"942",534,329,37
"943",396,449,55
"944",498,351,51
"945",360,497,43
"946",440,394,66
"947",428,416,56
"948",378,475,47
"949",401,431,68
"950",426,409,65
"951",380,485,35
"952",395,446,59
"953",413,436,51
"954",500,333,67
"955",472,379,49
"956",396,437,67
"957",496,346,58
"958",481,364,55
"959",498,352,50
"960",451,379,70
"961",515,313,72
"962",429,409,62
"963",495,354,51
"964",587,235,78
"965",417,412,71
"966",450,392,58
"967",511,316,73
"968",451,385,64
"969",446,409,45
"970",490,355,55
"971",418,440,42
"972",416,434,50
"973",469,360,71
"974",394,451,55
"975",357,472,71
"976",345,489,66
"977",496,360,44
"978",521,330,49
"979",472,372,56
"980",390,480,30
"981",441,402,57
"982",462,382,56
"983",479,387,34
"984",339,500,61
"985",493,350,57
"986",438,388,74
"987",619,232,49
"988",465,391,44
"989",628,225,47
"990",407,446,47
"991",540,312,48
"992",391,456,53
"993",463,395,42
"994",373,477,50
"995",417,425,58
"996",484,349,67
"997",394,447,59
"998",534,311,55
"999",562,276,62
"1000",386,446,68
"1001",490,361,49
"1002",344,496,60
"1003",535,302,63
"1004",352,489,59
"1005",437,404,59
"1006",429,426,45
"1007",416,411,73
"1008",479,360,61
"1009",452,388,60
"1010",368,497,35
"1011",389,469,42
"1012",355,481,64
"1013",368,468,64
"1014",323,525,52
"1015",398,455,47
"1016",583,283,34
"1017",467,382,51
"1018",508,346,46
"1019",516,307,77
"1020",544,313,43
"1021",375,438,87
"1022",425,423,52
"1023",505,331,64
"1024",474,349,77
"1025",489,370,41
"1026",431,409,60
"1027",490,344,66
"1028",524,315,61
"1029",507,339,54
"1030",356,486,58
"1031",541,296,63
"1032",494,360,46
"1033",440,387,73
"1034",420,429,51
"1035",568,299,33
"1036",521,315,64
"1037",345,482,73
"1038",450,400,50
"1039",558,284,58
"1040",386,460,54
"1041",510,355,35
"1042",467,374,59
"1043",622,220,58
"1044",485,362,53
"1045",289,557,54
"1046",572,277,51
"1047",435,405,60
"1048",407,459,34
"1049",335,510,55
"1050",468,375,57
"1051",424,401,75
"1052",507,343,50
"1053",364,486,50
"1054",401,439,60
"1055",483,374,43
"1056",451,379,70
"1057",386,449,65
"1058",422,413,65
"1059",428,406,66
"1060",305,550,45
"1061",391,460,49
"1062",469,380,51
"1063",387,465,48
"1064",384,452,64
"1065",466,378,56
"1066",544,318,38
"1067",459,397,44
"1068",547,297,56
"1069",475,377,48
"1070",513,312,75
"1071",435,420,45
"1072",335,517,48
"1073",487,355,58
"1074",490,347,63
"1075",487,350,63
"1076",381,483,36
"1077",522,330,48
"1078",437,414,49
"1079",444,395,61
"1080",539,313,48
"1081",430,430,40
"1082",442,389,69
"1083",401,422,77
"1084",459,375,66
"1085",510,339,51
"1086",525,321,54
"1087",543,296,61
"1088",429,401,70
"1089",422,429,49
"1090",385,462,53
"1091",437,411,52
"1092",392,466,42
"1093",585,255,60
"1094",413,418,69
"1095",315,498,87
"1096",393,452,55
"1097",434,403,63
"1098",532,323,45
"1099",521,323,56
"1100",532,319,49
"1101",491,347,62
"1102",506,340,54
"1103",296,549,55
"1104",478,371,51
"1105",447,389,64
"1106",511,330,59
"1107",490,360,50
"1108",603,256,41
"1109",383,471,46
"1110",512,333,55
"1111",520,314,66
"1112",488,354,58
"1113",474,363,63
"1114",394,455,51
"1115",359,473,68
"1116",464,374,62
"1117",419,439,42
"1118",473,374,53
"1119",426,419,55
"1120",459,402,39
"1121",466,397,37
"1122",434,395,71
"1123",490,357,53
"1124",501,347,52
"1125",450,398,52
"1126",364,476,60
"1127",410,423,67
"1128",413,429,58
"1129",391,457,52
"1130",499,338,63
"1131",459,381,60
"1132",408,418,74
"1133",407,422,71
"1134",358,480,62
"1135",340,534,26
"1136",483,358,59
"1137",574,290,36
"1138",465,376,59
"1139",543,303,54
"1140",480,356,64
"1141",420,427,53
"1142",473,379,48
"1143",491,341,68
"1144",428,421,51
"1145",424,425,51
"1146",382,466,52
"1147",384,459,57
"1148",514,316,70
"1149",430,422,48
"1150",324,533,43
"1151",353,484,63
"1152",460,393,47
"1153",396,457,47
"1154",320,522,58
"1155",561,278,61
"1156",489,339,72
"1157",438,412,50
"1158",419,407,74
"1159",275,555,70
"1160",313,545,42
"1161",464,375,61
"1162",427,392,81
"1163",526,318,56
"1164",512,325,63
"1165",407,419,74
"1166",522,306,72
"1167",368,467,65
"1168",558,296,46
"1169",430,413,57
"1170",478,366,56
"1171",433,420,47
"1172",401,442,57
"1173",510,337,53
"1174",430,405,65
"1175",471,370,59
"1176",425,409,66
"1177",536,302,62
"1178",548,309,43
"1179",418,422,60
"1180",356,481,63
"1181",541,301,58
"1182",456,385,59
"1183",403,433,64
"1184",445,409,46
"1185",504,344,52
"1186",395,474,31
"1187",470,359,71
"1188",417,421,62
"1189",381,466,53
"1190",365,480,55
"1191",488,356,56
"1192",421,433,46
"1193",331,504,65
"1194",488,341,71
"1195",441,400,59
"1196",286,581,33
"1197",423,405,72
"1198",446,412,42
"1199",525,302,73
"1200",340,505,55
"1201",507,330,63
"1202",456,387,57
"1203",489,376,35
"1204",436,391,73
"1205",473,366,61
"1206",353,486,61
"1207",472,354,74
"1208",444,390,66
"1209",521,324,55
"1210",454,410,36
"1211",508,347,45
"1212",407,397,96
"1213",428,401,71
"1214",369,458,73
"1215",291,559,50
"1216",489,358,53
"1217",508,325,67
"1218",548,294,58
"1219",489,365,46
"1220",492,353,55
"1221",506,347,47
"1222",451,393,56
"1223",425,436,39
"1224",632,236,32
"1225",392,454,54
"1226",359,501,40
"1227",511,333,56
"1228",324,539,37
"1229",409,423,68
"1230",449,389,62
"1231",485,356,59
"1232",487,354,59
"1233",522,329,49
"1234",413,420,67
"1235",484,336,80
"1236",409,438,53
"1237",467,359,74
"1238",346,514,40
"1239",496,341,63
"1240",521,322,57
"1241",534,305,61
"1242",462,375,63
"1243",533,319,48
"1244",333,510,57
"1245",381,465,54
"1246",359,486,55
"1247",361,476,63
"1248",422,404,74
"1249",407,431,62
"1250",477,363,60
"1251",368,486,46
"1252",462,365,73
"1253",427,399,74
"1254",440,406,54
"1255",470,374,56
"1256",529,330,41
"1257",380,457,63
"1258",367,452,81
"1259",313,549,38
"1260",412,422,66
"1261",377,471,52
"1262",499,339,62
"1263",433,417,50
"1264",456,376,68
"1265",464,384,52
"1266",379,464,57
"1267",436,411,53
"1268",412,437,51
"1269",487,357,56
"1270",468,382,50
"1271",361,465,74
"1272",401,445,54
"1273",512,340,48
"1274",469,320,111
"1275",434,417,49
"1276",420,429,51
"1277",434,404,62
"1278",513,335,52
"1279",259,595,46
"1280",448,382,70
"1281",413,426,61
"1282",485,366,49
"1283",611,227,62
"1284",364,490,46
"1285",387,457,56
"1286",433,425,42
"1287",412,434,54
"1288",311,540,49
"1289",469,381,50
"1290",517,320,63
"1291",502,347,51
"1292",531,313,56
"1293",606,248,46
"1294",474,368,58
"1295",485,353,62
"1296",464,383,53
"1297",481,347,72
"1298",625,228,47
"1299",372,490,38
"1300",448,395,57
"1301",494,346,60
"1302",379,476,45
"1303",651,215,34
"1304",519,324,57
"1305",576,268,56
"1306",422,409,69
"1307",382,460,58
"1308",464,365,71
"1309",453,375,72
"1310",473,363,64
"1311",366,456,78
"1312",359,484,57
"1313",391,444,65
"1314",447,403,50
"1315",351,501,48
"1316",470,362,68
"1317",480,376,44
"1318",519,338,43
"1319",490,364,46
"1320",435,407,58
"1321",296,556,48
"1322",528,327,45
"1323",355,480,65
"1324",477,379,44
"1325",367,477,56
"1326",450,396,54
"1327",499,361,40
"1328",346,507,47
"1329",568,279,53
"1330",408,432,60
"1331",432,414,54
"1332",453,379,68
"1333",425,420,55
"1334",376,485,39
"1335",494,352,54
"1336",454,406,40
"1337",493,358,49
"1338",323,522,55
"1339",397,440,63
"1340",522,335,43
"1341",450,387,63
"1342",325,535,40
"1343",371,480,49
"1344",477,370,53
"1345",439,401,60
"1346",476,348,76
"1347",466,379,55
"1348",492,355,53
"1349",390,451,59
"1350",415,430,55
"1351",512,347,41
"1352",375,433,92
"1353",515,325,60
"1354",482,367,51
"1355",455,390,55
"1356",443,410,47
"1357",407,402,91
"1358",526,333,41
"1359",465,379,56
"1360",541,296,63
"1361",321,498,81
"1362",460,386,54
"1363",506,342,52
"1364",526,292,82
"1365",421,426,53
"1366",412,436,52
"1367",464,378,58
"1368",517,339,44
"1369",448,402,50
"1370",406,447,47
"1371",329,516,55
"1372",427,418,55
"1373",521,316,63
"1374",445,405,50
"1375",465,389,46
"1376",474,360,66
"1377",511,317,72
"1378",341,519,40
"1379",353,498,49
"1380",547,301,52
"1381",475,362,63
"1382",476,371,53
"1383",441,397,62
"1384",304,564,32
"1385",433,389,78
"1386",423,429,48
"1387",547,293,60
"1388",288,568,44
"1389",462,379,59
"1390",336,483,81
"1391",554,283,63
"1392",508,343,49
"1393",399,456,45
"1394",564,298,38
"1395",385,424,91
"1396",362,464,74
"1397",403,433,64
"1398",602,248,50
"1399",381,475,44
"1400",468,362,70
"1401",291,534,75
"1402",392,456,52
"1403",364,473,63
"1404",517,319,64
"1405",490,366,44
"1406",430,396,74
"1407",392,434,74
"1408",375,465,60
"1409",360,500,40
"1410",506,324,70
"1411",452,394,54
"1412",482,365,53
"1413",485,352,63
"1414",461,412,27
"1415",455,376,69
"1416",557,298,45
"1417",527,307,66
"1418",501,369,30
"1419",319,506,75
"1420",432,402,66
"1421",376,471,53
"1422",503,359,38
"1423",451,409,40
"1424",477,373,50
"1425",413,410,77
"1426",555,292,53
"1427",468,381,51
"1428",398,460,42
"1429",419,408,73
"1430",360,483,57
"1431",396,446,58
"1432",451,392,57
"1433",477,369,54
"1434",512,329,59
"1435",495,337,68
"1436",429,393,78
"1437",385,460,55
"1438",416,442,42
"1439",485,382,33
"1440",390,453,57
"1441",396,450,54
"1442",418,443,39
"1443",524,327,49
"1444",478,354,68
"1445",340,505,55
"1446",475,377,48
"1447",453,379,68
"1448",349,492,59
"1449",360,499,41
"1450",505,356,39
"1451",390,435,75
"1452",312,522,66
"1453",344,499,57
"1454",436,397,67
"1455",470,375,55
"1456",343,507,50
"1457",578,277,45
"1458",405,414,81
"1459",338,483,79
"1460",470,388,42
"1461",534,298,68
"1462",415,415,70
"1463",398,449,53
"1464",525,318,57
"1465",461,381,58
"1466",411,440,49
"1467",384,474,42
"1468",362,476,62
"1469",416,415,69
"1470",471,364,65
"1471",519,318,63
"1472",407,419,74
"1473",411,417,72
"1474",402,449,49
"1475",600,252,48
"1476",431,417,52
"1477",335,507,58
"1478",481,370,49
"1479",330,498,72
"1480",446,379,75
"1481",568,282,50
"1482",379,482,39
"1483",445,390,65
"1484",594,254,52
"1485",545,295,60
"1486",364,482,54
"1487",456,393,51
"1488",475,346,79
"1489",548,301,51
"1490",470,367,63
"1491",542,308,50
"1492",626,232,42
"1493",407,431,62
"1494",442,385,73
"1495",353,482,65
"1496",535,329,36
"1497",518,347,35
"1498",471,367,62
"1499",518,335,47
"1500",416,436,48
"1501",395,450,55
"1502",468,389,43
"1503",368,464,68
"1504",558,291,51
"1505",443,404,53
"1506",475,368,57
"1507",389,436,75
"1508",556,295,49
"1509",388,445,67
"1510",406,435,59
"1511",453,389,58
"1512",548,272,80
"1513",328,510,62
"1514",496,341,63
"1515",472,371,57
"1516",493,333,74
"1517",430,411,59
"1518",455,405,40
"1519",325,525,50
"1520",422,433,45
"1521",440,383,77
"1522",445,405,50
"1523",432,398,70
"1524",501,339,60
"1525",483,371,46
"1526",426,404,70
"1527",391,468,41
"1528",427,415,58
"1529",521,338,41
"1530",460,388,52
"1531",363,478,59
"1532",529,308,63
"1533",407,444,49
"1534",609,249,42
"1535",408,435,57
"1536",356,487,57
"1537",526,317,57
"1538",557,284,59
"1539",449,400,51
"1540",416,416,68
"1541",540,309,51
"1542",412,436,52
"1543",492,363,45
"1544",334,504,62
"1545",323,528,49
"1546",403,428,69
"1547",467,355,78
"1548",458,391,51
"1549",408,443,49
"1550",432,416,52
"1551",484,358,58
"1552",412,437,51
"1553",317,512,71
"1554",582,268,50
"1555",433,397,70
"1556",452,375,73
"1557",547,295,58
"1558",445,406,49
"1559",501,326,73
"1560",454,405,41
"1561",504,338,58
"1562",475,374,51
"1563",554,295,51
"1564",523,337,40
"1565",384,448,68
"1566",563,295,42
"1567",413,415,72
"1568",484,363,53
"1569",439,402,59
"1570",637,220,43
"1571",518,321,61
"1572",400,448,52
"1573",418,428,54
"1574",448,372,80
"1575",493,350,57
"1576",362,462,76
"1577",493,364,43
"1578",424,408,68
"1579",484,358,58
"1580",395,455,50
"1581",456,403,41
"1582",417,439,44
"1583",452,391,57
"1584",504,316,80
"1585",486,357,57
"1586",486,358,56
"1587",388,446,66
"1588",547,306,47
"1589",360,466,74
"1590",525,308,67
"1591",348,474,78
"1592",449,366,85
"1593",397,435,68
"1594",487,353,60
"1595",354,500,46
"1596",508,339,53
"1597",469,394,37
"1598",401,437,62
"1599",407,430,63
"1600",523,319,58
"1601",438,397,65
"1602",437,408,55
"1603",478,369,53
"1604",410,431,59
"1605",473,355,72
"1606",397,443,60
"1607",498,322,80
"1608",536,313,51
"1609",512,331,57
"1610",431,426,43
"1611",576,250,74
"1612",540,294,66
"1613",565,305,30
"1614",511,327,62
"1615",405,428,67
"1616",563,291,46
"1617",467,374,59
"1618",597,249,54
"1619",573,281,46
"1620",402,452,46
"1621",372,482,46
"1622",438,398,64
"1623",494,344,62
"1624",379,451,70
"1625",336,526,38
"1626",473,393,34
"1627",277,573,50
"1628",410,425,65
"1629",499,371,30
"1630",401,412,87
"1631",430,405,65
"1632",549,300,51
"1633",470,386,44
"1634",505,326,69
"1635",332,502,66
"1636",401,442,57
"1637",411,439,50
"1638",424,416,60
"1639",493,330,77
"1640",443,397,60
"1641",469,364,67
"1642",396,460,44
"1643",468,384,48
"1644",582,268,50
"1645",461,396,43
"1646",480,361,59
"1647",400,447,53
"1648",477,387,36
"1649",485,361,54
"1650",381,476,43
"1651",437,407,56
"1652",498,339,63
"1653",410,431,59
"1654",452,393,55
"1655",530,332,38
"1656",446,377,77
"1657",517,329,54
"1658",441,419,40
"1659",428,395,77
"1660",533,308,59
"1661",481,360,59
"1662",426,404,70
"1663",328,510,62
"1664",326,521,53
"1665",480,363,57
"1666",404,431,65
"1667",535,289,76
"1668",443,401,56
"1669",392,437,71
"1670",381,473,46
"1671",414,418,68
"1672",589,265,46
"1673",479,363,58
"1674",538,299,63
"1675",449,394,57
"1676",600,252,48
"1677",586,259,55
"1678",359,472,69
"1679",491,356,53
"1680",407,429,64
"1681",437,366,97
"1682",599,259,42
"1683",424,431,45
"1684",573,275,52
"1685",473,374,53
"1686",416,423,61
"1687",559,291,50
"1688",491,366,43
"1689",414,435,51
"1690",535,300,65
"1691",417,428,55
"1692",528,320,52
"1693",516,332,52
"1694",373,478,49
"1695",381,481,38
"1696",418,418,64
"1697",569,297,34
"1698",408,450,42
"1699",410,438,52
"1700",507,326,67
"1701",410,443,47
"1702",457,382,61
"1703",534,313,53
"1704",504,368,28
"1705",457,401,42
"1706",492,357,51
"1707",467,383,50
"1708",619,237,44
"1709",397,445,58
"1710",326,531,43
"1711",439,394,67
"1712",449,383,68
"1713",484,364,52
"1714",547,299,54
"1715",446,413,41
"1716",627,229,44
"1717",444,397,59
"1718",428,408,64
"1719",433,412,55
"1720",497,361,42
"1721",548,299,53
"1722",545,305,50
"1723",322,523,55
"1724",516,330,54
"1725",528,297,75
"1726",433,407,60
"1727",516,322,62
"1728",586,247,67
"1729",529,320,51
"1730",401,438,61
"1731",456,382,62
"1732",563,290,47
"1733",502,355,43
"1734",321,517,62
"1735",468,384,48
"1736",491,347,62
"1737",455,392,53
"1738",462,372,66
"1739",439,408,53
"1740",445,412,43
"1741",464,393,43
"1742",531,313,56
"1743",402,443,55
"1744",396,427,77
"1745",516,337,47
"1746",390,462,48
"1747",502,356,42
"1748",511,344,45
"1749",528,326,46
"1750",481,358,61
"1751",557,295,48
"1752",359,466,75
"1753",366,480,54
"1754",311,520,69
"1755",469,379,52
"1756",426,425,49
"1757",514,325,61
"1758",550,285,65
"1759",482,361,57
"1760",510,335,55
"1761",408,390,102
"1762",510,341,49
"1763",417,432,51
"1764",472,378,50
"1765",472,361,67
"1766",450,419,31
"1767",406,451,43
"1768",531,301,68
"1769",421,421,58
"1770",359,469,72
"1771",279,569,52
"1772",438,402,60
"1773",477,366,57
"1774",477,334,89
"1775",467,378,55
"1776",461,399,40
"1777",398,445,57
"1778",435,440,25
"1779",370,467,63
"1780",548,301,51
"1781",514,328,58
"1782",426,405,69
"1783",401,433,66
"1784",517,307,76
"1785",467,378,55
"1786",404,450,46
"1787",413,417,70
"1788",396,455,49
"1789",440,407,53
"1790",453,372,75
"1791",493,338,69
"1792",627,235,38
"1793",452,377,71
"1794",473,391,36
"1795",409,411,80
"1796",412,437,51
"1797",447,410,43
"1798",459,381,60
"1799",450,400,50
"1800",431,416,53
"1801",429,418,53
"1802",490,378,32
"1803",314,524,62
"1804",375,468,57
"1805",512,353,35
"1806",505,344,51
"1807",350,505,45
"1808",433,407,60
"1809",556,301,43
"1810",391,475,34
"1811",418,419,63
"1812",341,491,68
"1813",377,458,65
"1814",435,401,64
"1815",385,427,88
"1816",530,311,59
"1817",591,255,54
"1818",522,325,53
"1819",456,398,46
"1820",457,395,48
"1821",547,261,92
"1822",446,370,84
"1823",368,475,57
"1824",438,418,44
"1825",442,401,57
"1826",361,446,93
"1827",428,405,67
"1828",379,467,54
"1829",456,401,43
"1830",377,482,41
"1831",469,370,61
"1832",432,415,53
"1833",350,507,43
"1834",455,387,58
"1835",446,411,43
"1836",456,370,74
"1837",490,359,51
"1838",506,334,60
"1839",347,517,36
"1840",540,311,49
"1841",418,433,49
"1842",457,378,65
"1843",456,393,51
"1844",376,470,54
"1845",541,299,60
"1846",490,354,56
"1847",555,293,52
"1848",387,455,58
"1849",487,377,36
"1850",386,461,53
"1851",409,394,97
"1852",416,425,59
"1853",553,289,58
"1854",385,463,52
"1855",391,445,64
"1856",381,440,79
"1857",409,442,49
"1858",491,363,46
"1859",450,384,66
"1860",491,343,66
"1861",346,501,53
"1862",492,345,63
"1863",558,273,69
"1864",471,387,42
"1865",546,321,33
"1866",552,297,51
"1867",509,319,72
"1868",494,356,50
"1869",410,441,49
"1870",357,498,45
"1871",357,495,48
"1872",431,411,58
"1873",458,379,63
"1874",488,345,67
"1875",431,432,37
"1876",405,428,67
"1877",481,363,56
"1878",602,229,69
"1879",366,471,63
"1880",493,360,47
"1881",400,452,48
"1882",413,434,53
"1883",397,459,44
"1884",591,255,54
"1885",467,378,55
"1886",508,327,65
"1887",356,486,58
"1888",396,425,79
"1889",527,322,51
"1890",528,304,68
"1891",537,323,40
"1892",349,510,41
"1893",405,443,52
"1894",590,270,40
"1895",361,480,59
"1896",494,370,36
"1897",397,453,50
"1898",474,371,55
"1899",440,380,80
"1900",379,461,60
"1901",514,337,49
"1902",491,371,38
"1903",337,517,46
"1904",327,497,76
"1905",584,264,52
"1906",376,465,59
"1907",446,387,67
"1908",531,303,66
"1909",374,478,48
"1910",377,466,57
"1911",346,485,69
"1912",370,468,62
"1913",495,363,42
"1914",250,605,45
"1915",390,439,71
"1916",518,344,38
"1917",609,245,46
"1918",484,378,38
"1919",519,321,60
"1920",403,456,41
"1921",497,342,61
"1922",401,432,67
"1923",416,432,52
"1924",493,354,53
"1925",433,413,54
"1926",420,433,47
"1927",386,456,58
"1928",490,355,55
"1929",494,355,51
"1930",427,398,75
"1931",434,396,70
"1932",271,561,68
"1933",404,437,59
"1934",538,311,51
"1935",543,295,62
"1936",431,402,67
"1937",443,398,59
"1938",319,479,102
"1939",380,450,70
"1940",386,457,57
"1941",558,290,52
"1942",497,343,60
"1943",463,382,55
"1944",430,418,52
"1945",417,418,65
"1946",534,307,59
"1947",427,422,51
"1948",404,443,53
"1949",396,445,59
"1950",432,423,45
"1951",490,350,60
"1952",407,420,73
"1953",416,421,63
"1954",410,420,70
"1955",425,422,53
"1956",435,417,48
"1957",494,361,45
"1958",398,429,73
"1959",416,424,60
"1960",412,419,69
"1961",531,315,54
"1962",510,319,71
"1963",322,499,79
"1964",407,442,51
"1965",479,352,69
"1966",408,434,58
"1967",440,401,59
"1968",382,456,62
"1969",429,410,61
"1970",422,433,45
"1971",572,283,45
"1972",598,231,71
"1973",398,450,52
"1974",384,441,75
"1975",486,356,58
"1976",461,397,42
"1977",415,437,48
"1978",507,313,80
"1979",526,315,59
"1980",419,417,64
"1981",599,245,56
"1982",397,445,58
"1983",413,432,55
"1984",322,518,60
"1985",378,468,54
"1986",536,315,49
"1987",437,405,58
"1988",372,470,58
"1989",528,318,54
"1990",467,357,76
"1991",513,336,51
"1992",438,414,48
"1993",425,413,62
"1994",489,350,61
"1995",508,334,58
"1996",407,430,63
"1997",389,438,73
"1998",519,337,44
"1999",418,440,42
"2000",405,435,60
"2001",450,401,49
"2002",547,311,42
"2003",472,364,64
"2004",410,444,46
"2005",482,367,51
"2006",409,437,54
"2007",406,429,65
"2008",439,411,50
"2009",535,306,59
"2010",596,248,56
"2011",431,399,70
"2012",411,426,63
"2013",434,419,47
"2014",461,367,72
"2015",454,406,40
"2016",419,438,43
"2017",392,471,37
"2018",404,428,68
"2019",391,447,62
"2020",402,430,68
"2021",420,412,68
"2022",445,399,56
"2023",570,283,47
"2024",482,333,85
"2025",419,423,58
"2026",507,326,67
"2027",464,386,50
"2028",387,472,41
"2029",376,477,47
"2030",396,428,76
"2031",542,299,59
"2032",395,457,48
"2033",418,425,57
"2034",456,379,65
"2035",562,299,39
"2036",455,352,93
"2037",340,509,51
"2038",461,384,55
"2039",438,391,71
"2040",336,528,36
"2041",353,511,36
"2042",441,418,41
"2043",499,356,45
"2044",364,489,47
"2045",478,371,51
"2046",448,386,66
"2047",519,317,64
"2048",521,319,60
"2049",371,469,60
"2050",413,445,42
"2051",365,467,68
"2052",392,449,59
"2053",455,403,42
"2054",525,332,43
"2055",411,436,53
"2056",432,412,56
"2057",445,410,45
"2058",432,404,64
"2059",496,359,45
"2060",524,324,52
"2061",498,329,73
"2062",436,405,59
"2063",393,444,63
"2064",424,412,64
"2065",538,307,55
"2066",471,374,55
"2067",448,394,58
"2068",578,272,50
"2069",488,351,61
"2070",489,351,60
"2071",337,510,53
"2072",551,299,50
"2073",425,411,64
"2074",521,330,49
"2075",329,537,34
"2076",574,274,52
"2077",423,414,63
"2078",541,320,39
"2079",451,372,77
"2080",395,442,63
"2081",462,366,72
"2082",523,322,55
"2083",312,518,70
"2084",391,462,47
"2085",574,278,48
"2086",534,300,66
"2087",415,437,48
"2088",467,381,52
"2089",378,452,70
"2090",492,346,62
"2091",415,436,49
"2092",430,414,56
"2093",329,503,68
"2094",472,370,58
"2095",363,478,59
"2096",485,362,53
"2097",364,492,44
"2098",529,327,44
"2099",560,299,41
"2100",513,328,59
"2101",554,316,30
"2102",456,401,43
"2103",396,431,73
"2104",457,390,53
"2105",495,364,41
"2106",344,518,38
"2107",294,569,37
"2108",487,366,47
"2109",456,376,68
"2110",561,269,70
"2111",424,409,67
"2112",438,404,58
"2113",433,417,50
"2114",435,409,56
"2115",409,439,52
"2116",588,249,63
"2117",526,329,45
"2118",515,347,38
"2119",347,473,80
"2120",384,421,95
"2121",452,409,39
"2122",412,433,55
"2123",484,354,62
"2124",481,363,56
"2125",459,389,52
"2126",317,529,54
"2127",397,443,60
"2128",347,480,73
"2129",569,272,59
"2130",466,385,49
"2131",470,378,52
"2132",444,397,59
"2133",424,419,57
"2134",333,476,91
"2135",417,417,66
"2136",439,394,67
"2137",431,409,60
"2138",415,416,69
"2139",523,322,55
"2140",392,472,36
"2141",439,401,60
"2142",429,405,66
"2143",450,378,72
"2144",465,377,58
"2145",543,318,39
"2146",578,284,38
"2147",556,298,46
"2148",501,346,53
"2149",327,527,46
"2150",357,488,55
"2151",470,375,55
"2152",506,356,38
"2153",464,342,94
"2154",429,410,61
"2155",447,394,59
"2156",430,400,70
"2157",450,388,62
"2158",567,285,48
"2159",542,315,43
"2160",266,594,40
"2161",475,380,45
"2162",480,365,55
"2163",413,401,86
"2164",525,335,40
"2165",362,502,36
"2166",513,327,60
"2167",337,513,50
"2168",533,313,54
"2169",365,463,72
"2170",569,278,53
"2171",436,371,93
"2172",424,415,61
"2173",388,454,58
"2174",361,467,72
"2175",454,362,84
"2176",365,492,43
"2177",497,358,45
"2178",384,452,64
"2179",417,421,62
"2180",489,346,65
"2181",476,368,56
"2182",494,352,54
"2183",407,427,66
"2184",470,374,56
"2185",413,435,52
"2186",423,416,61
"2187",379,479,42
"2188",449,407,44
"2189",488,365,47
"2190",292,551,57
"2191",457,396,47
"2192",377,473,50
"2193",480,369,51
"2194",358,486,56
"2195",391,469,40
"2196",408,430,62
"2197",395,455,50
"2198",523,340,37
"2199",426,415,59
"2200",545,313,42
"2201",495,359,46
"2202",381,475,44
"2203",600,247,53
"2204",478,372,50
"2205",553,300,47
"2206",464,359,77
"2207",450,384,66
"2208",465,366,69
"2209",460,380,60
"2210",407,411,82
"2211",334,514,52
"2212",601,245,54
"2213",478,388,34
"2214",542,308,50
"2215",439,409,52
"2216",421,404,75
"2217",445,403,52
"2218",425,430,45
"2219",468,379,53
"2220",349,504,47
"2221",298,561,41
"2222",330,522,48
"2223",531,335,34
"2224",375,471,54
"2225",487,339,74
"2226",355,499,46
"2227",508,331,61
"2228",423,397,80
"2229",361,461,78
"2230",328,534,38
"2231",464,371,65
"2232",366,489,45
"2233",488,364,48
"2234",379,465,56
"2235",628,230,42
"2236",405,446,49
"2237",427,426,47
"2238",499,345,56
"2239",414,433,53
"2240",525,318,57
"2241",483,336,81
"2242",403,442,55
"2243",459,380,61
"2244",486,340,74
"2245",303,535,62
"2246",365,460,75
"2247",533,307,60
"2248",427,420,53
"2249",392,454,54
"2250",530,310,60
"2251",342,496,62
"2252",524,316,60
"2253",466,394,40
"2254",472,379,49
"2255",457,381,62
"2256",522,313,65
"2257",510,329,61
"2258",428,421,51
"2259",455,369,76
"2260",394,450,56
"2261",564,256,80
"2262",486,337,77
"2263",461,372,67
"2264",474,368,58
"2265",450,408,42
"2266",461,396,43
"2267",394,455,51
"2268",556,285,59
"2269",502,350,48
"2270",442,358,100
"2271",581,269,50
"2272",535,313,52
"2273",318,530,52
"2274",454,393,53
"2275",463,356,81
"2276",452,406,42
"2277",502,330,68
"2278",397,451,52
"2279",550,310,40
"2280",398,454,48
"2281",405,427,68
"2282",534,318,48
"2283",385,468,47
"2284",415,438,47
"2285",490,359,51
"2286",406,427,67
"2287",525,322,53
"2288",514,339,47
"2289",392,471,37
"2290",538,299,63
"2291",410,423,67
"2292",445,404,51
"2293",523,324,53
"2294",542,316,42
"2295",441,400,59
"2296",462,393,45
"2297",298,532,70
"2298",400,419,81
"2299",472,380,48
"2300",413,412,75
"2301",481,332,87
"2302",383,470,47
"2303",407,446,47
"2304",406,435,59
"2305",545,315,40
"2306",413,438,49
"2307",543,311,46
"2308",472,370,58
"2309",348,517,35
"2310",541,303,56
"2311",430,427,43
"2312",468,375,57
"2313",517,333,50
"2314",312,542,46
"2315",608,240,52
"2316",521,327,52
"2317",510,337,53
"2318",481,364,55
"2319",487,356,57
"2320",398,437,65
"2321",446,395,59
"2322",385,454,61
"2323",597,238,65
"2324",486,366,48
"2325",494,357,49
"2326",413,445,42
"2327",429,422,49
"2328",342,511,47
"2329",389,459,52
"2330",497,356,47
"2331",546,297,57
"2332",409,434,57
"2333",410,441,49
"2334",535,295,70
"2335",367,473,60
"2336",517,310,73
"2337",374,456,70
"2338",424,409,67
"2339",462,375,63
"2340",403,437,60
"2341",376,453,71
"2342",487,372,41
"2343",365,499,36
"2344",453,368,79
"2345",522,316,62
"2346",380,462,58
"2347",358,474,68
"2348",404,446,50
"2349",498,345,57
"2350",382,467,51
"2351",490,358,52
"2352",291,546,63
"2353",536,307,57
"2354",360,479,61
"2355",505,340,55
"2356",581,280,39
"2357",513,321,66
"2358",450,383,67
"2359",379,488,33
"2360",595,266,39
"2361",544,314,42
"2362",356,495,49
"2363",385,473,42
"2364",441,401,58
"2365",490,384,26
"2366",460,372,68
"2367",538,305,57
"2368",421,413,66
"2369",379,467,54
"2370",535,291,74
"2371",372,468,60
"2372",324,508,68
"2373",516,328,56
"2374",574,264,62
"2375",530,309,61
"2376",308,542,50
"2377",409,440,51
"2378",374,480,46
"2379",474,360,66
"2380",335,508,57
"2381",399,444,57
"2382",479,371,50
"2383",450,352,98
"2384",493,353,54
"2385",547,294,59
"2386",440,404,56
"2387",458,402,40
"2388",403,448,49
"2389",247,610,43
"2390",395,462,43
"2391",550,280,70
"2392",463,387,50
"2393",481,367,52
"2394",477,348,75
"2395",562,299,39
"2396",478,358,64
"2397",356,483,61
"2398",527,270,103
"2399",423,418,59
"2400",508,334,58
"2401",589,263,48
"2402",528,332,40
"2403",446,365,89
"2404",374,473,53
"2405",474,360,66
"2406",417,417,66
"2407",460,381,59
"2408",498,364,38
"2409",434,416,50
"2410",488,350,62
"2411",327,524,49
"2412",361,476,63
"2413",479,372,49
"2414",445,396,59
"2415",356,487,57
"2416",480,351,69
"2417",434,404,62
"2418",514,295,91
"2419",458,405,37
"2420",448,369,83
"2421",414,399,87
"2422",451,381,68
"2423",466,402,32
"2424",443,408,49
"2425",478,353,69
"2426",484,365,51
"2427",517,332,51
"2428",544,303,53
"2429",492,370,38
"2430",504,339,57
"2431",453,403,44
"2432",519,315,66
"2433",456,368,76
"2434",444,397,59
"2435",377,468,55
"2436",431,423,46
"2437",399,454,47
"2438",411,432,57
"2439",470,359,71
"2440",506,329,65
"2441",294,541,65
"2442",419,414,67
"2443",387,460,53
"2444",576,265,59
"2445",519,330,51
"2446",329,514,57
"2447",463,375,62
"2448",492,346,62
"2449",503,344,53
"2450",323,522,55
"2451",481,346,73
"2452",438,410,52
"2453",476,384,40
"2454",416,430,54
"2455",459,354,87
"2456",427,410,63
"2457",560,283,57
"2458",391,453,56
"2459",407,430,63
"2460",443,396,61
"2461",431,416,53
"2462",445,409,46
"2463",465,375,60
"2464",430,393,77
"2465",470,382,48
"2466",530,314,56
"2467",407,435,58
"2468",585,268,47
"2469",439,406,55
"2470",544,288,68
"2471",431,399,70
"2472",518,333,49
"2473",386,445,69
"2474",489,339,72
"2475",463,372,65
"2476",446,386,68
"2477",465,364,71
"2478",527,335,38
"2479",508,342,50
"2480",406,437,57
"2481",420,417,63
"2482",283,575,42
"2483",391,457,52
"2484",504,336,60
"2485",492,336,72
"2486",357,499,44
"2487",461,355,84
"2488",481,360,59
"2489",476,346,78
"2490",518,301,81
"2491",501,331,68
"2492",479,362,59
"2493",472,370,58
"2494",469,365,66
"2495",306,536,58
"2496",483,350,67
"2497",393,419,88
"2498",406,422,72
"2499",452,383,65
"2500",459,386,55
"2501",524,328,48
"2502",399,447,54
"2503",444,409,47
"2504",395,453,52
"2505",462,357,81
"2506",477,362,61
"2507",494,368,38
"2508",461,407,32
"2509",426,406,68
"2510",470,371,59
"2511",416,424,60
"2512",434,414,52
"2513",339,516,45
"2514",430,413,57
"2515",520,324,56
"2516",444,394,62
"2517",516,338,46
"2518",564,300,36
"2519",494,348,58
"2520",529,309,62
"2521",561,291,48
"2522",425,405,70
"2523",586,274,40
"2524",452,397,51
"2525",445,390,65
"2526",420,434,46
"2527",459,387,54
"2528",515,335,50
"2529",464,361,75
"2530",430,403,67
"2531",404,452,44
"2532",360,426,114
"2533",533,314,53
"2534",567,291,42
"2535",482,353,65
"2536",368,473,59
"2537",483,351,66
"2538",517,325,58
"2539",432,392,76
"2540",356,492,52
"2541",456,396,48
"2542",460,383,57
"2543",362,491,47
"2544",438,418,44
"2545",438,368,94
"2546",510,334,56
"2547",522,323,55
"2548",451,402,47
"2549",468,373,59
"2550",546,303,51
"2551",460,384,56
"2552",423,422,55
"2553",348,493,59
"2554",418,433,49
"2555",397,433,70
"2556",419,425,56
"2557",399,445,56
"2558",371,465,64
"2559",459,378,63
"2560",436,401,63
"2561",569,276,55
"2562",266,589,45
"2563",424,427,49
"2564",398,452,50
"2565",414,426,60
"2566",484,361,55
"2567",547,330,23
"2568",587,269,44
"2569",372,474,54
"2570",471,373,56
"2571",491,331,78
"2572",511,331,58
"2573",471,353,76
"2574",512,334,54
"2575",370,472,58
"2576",412,431,57
"2577",628,217,55
"2578",358,483,59
"2579",397,437,66
"2580",460,389,51
"2581",562,284,54
"2582",434,413,53
"2583",200,648,52
"2584",436,413,51
"2585",384,440,76
"2586",339,507,54
"2587",463,366,71
"2588",465,377,58
"2589",490,363,47
"2590",445,412,43
"2591",535,302,63
"2592",456,356,88
"2593",482,361,57
"2594",450,391,59
"2595",346,482,72
"2596",319,535,46
"2597",516,347,37
"2598",356,488,56
"2599",392,453,55
"2600",424,402,74
"2601",514,330,56
"2602",465,368,67
"2603",401,432,67
"2604",513,342,45
"2605",417,455,28
"2606",454,383,63
"2607",487,358,55
"2608",429,396,75
"2609",474,370,56
"2610",533,302,65
"2611",451,372,77
"2612",491,359,50
"2613",446,387,67
"2614",532,310,58
"2615",374,459,67
"2616",399,449,52
"2617",498,323,79
"2618",427,402,71
"2619",366,466,68
"2620",300,531,69
"2621",351,491,58
"2622",451,408,41
"2623",519,315,66
"2624",436,404,60
"2625",526,337,37
"2626",518,339,43
"2627",502,352,46
"2628",508,345,47
"2629",416,424,60
"2630",507,320,73
"2631",427,422,51
"2632",338,500,62
"2633",579,270,51
"2634",510,355,35
"2635",448,396,56
"2636",510,334,56
"2637",441,380,79
"2638",392,439,69
"2639",320,524,56
"2640",436,412,52
"2641",286,575,39
"2642",526,323,51
"2643",463,398,39
"2644",447,413,40
"2645",611,219,70
"2646",397,435,68
"2647",368,489,43
"2648",475,365,60
"2649",500,346,54
"2650",421,435,44
"2651",443,376,81
"2652",386,469,45
"2653",517,322,61
"2654",567,287,46
"2655",414,434,52
"2656",419,403,78
"2657",506,334,60
"2658",442,402,56
"2659",414,420,66
"2660",462,373,65
"2661",450,383,67
"2662",431,398,71
"2663",601,270,29
"2664",422,428,50
"2665",323,492,85
"2666",405,426,69
"2667",415,441,44
"2668",416,436,48
"2669",551,299,50
"2670",512,331,57
"2671",482,345,73
"2672",462,367,71
"2673",609,251,40
"2674",526,319,55
"2675",400,462,38
"2676",374,471,55
"2677",445,395,60
"2678",507,335,58
"2679",316,525,59
"2680",496,334,70
"2681",523,339,38
"2682",471,370,59
"2683",507,315,78
"2684",497,354,49
"2685",412,409,79
"2686",438,397,65
"2687",378,465,57
"2688",460,395,45
"2689",452,391,57
"2690",453,394,53
"2691",356,474,70
"2692",489,350,61
"2693",408,429,63
"2694",505,347,48
"2695",588,272,40
"2696",262,589,49
"2697",492,361,47
"2698",403,446,51
"2699",476,357,67
"2700",492,357,51
"2701",511,335,54
"2702",395,449,56
"2703",359,483,58
"2704",404,455,41
"2705",386,473,41
"2706",419,413,68
"2707",376,472,52
"2708",399,460,41
"2709",445,381,74
"2710",571,268,61
"2711",494,343,63
"2712",538,317,45
"2713",429,430,41
"2714",347,489,64
"2715",451,415,34
"2716",427,403,70
"2717",512,334,54
"2718",391,450,59
"2719",436,410,54
"2720",446,394,60
"2721",399,453,48
"2722",408,440,52
"2723",449,390,61
"2724",393,456,51
"2725",541,331,28
"2726",483,368,49
"2727",546,297,57
"2728",460,389,51
"2729",464,384,52
"2730",504,342,54
"2731",496,333,71
"2732",451,383,66
"2733",437,398,65
"2734",538,332,30
"2735",487,354,59
"2736",448,405,47
"2737",353,512,35
"2738",493,349,58
"2739",539,302,59
"2740",515,342,43
"2741",428,420,52
"2742",436,400,64
"2743",511,335,54
"2744",449,399,52
"2745",410,458,32
"2746",508,347,45
"2747",528,297,75
"2748",477,352,71
"2749",505,356,39
"2750",272,588,40
"2751",601,256,43
"2752",382,469,49
"2753",377,472,51
"2754",448,402,50
"2755",436,408,56
"2756",401,449,50
"2757",445,373,82
"2758",454,376,70
"2759",537,317,46
"2760",419,410,71
"2761",345,498,57
"2762",411,430,59
"2763",389,442,69
"2764",362,478,60
"2765",486,357,57
"2766",248,598,54
"2767",488,367,45
"2768",476,359,65
"2769",494,372,34
"2770",426,421,53
"2771",380,493,27
"2772",396,444,60
"2773",530,328,42
"2774",428,405,67
"2775",474,369,57
"2776",559,282,59
"2777",589,253,58
"2778",396,446,58
"2779",390,448,62
"2780",512,350,38
"2781",420,426,54
"2782",433,412,55
"2783",411,446,43
"2784",484,363,53
"2785",502,351,47
"2786",463,392,45
"2787",431,417,52
"2788",581,276,43
"2789",552,295,53
"2790",454,369,77
"2791",460,397,43
"2792",416,428,56
"2793",414,419,67
"2794",342,479,79
"2795",490,375,35
"2796",521,328,51
"2797",403,460,37
"2798",404,415,81
"2799",429,420,51
"2800",329,526,45
"2801",541,304,55
"2802",404,429,67
"2803",382,465,53
"2804",418,436,46
"2805",400,429,71
"2806",379,471,50
"2807",485,379,36
"2808",420,419,61
"2809",645,204,51
"2810",517,323,60
"2811",346,487,67
"2812",514,328,58
"2813",428,420,52
"2814",365,482,53
"2815",361,489,50
"2816",419,418,63
"2817",581,281,38
"2818",462,381,57
"2819",523,331,46
"2820",516,322,62
"2821",405,414,81
"2822",390,471,39
"2823",447,407,46
"2824",481,368,51
"2825",384,466,50
"2826",461,386,53
"2827",382,440,78
"2828",380,474,46
"2829",399,455,46
"2830",482,368,50
"2831",510,334,56
"2832",432,408,60
"2833",423,409,68
"2834",461,381,58
"2835",417,434,49
"2836",519,326,55
"2837",351,492,57
"2838",339,524,37
"2839",459,380,61
"2840",238,597,65
"2841",366,475,59
"2842",478,362,60
"2843",317,517,66
"2844",553,295,52
"2845",467,378,55
"2846",393,466,41
"2847",463,386,51
"2848",447,380,73
"2849",351,492,57
"2850",571,293,36
"2851",400,432,68
"2852",413,430,57
"2853",445,406,49
"2854",538,307,55
"2855",485,374,41
"2856",567,275,58
"2857",507,326,67
"2858",412,422,66
"2859",555,292,53
"2860",374,463,63
"2861",447,398,55
"2862",485,380,35
"2863",407,440,53
"2864",456,381,63
"2865",502,343,55
"2866",445,397,58
"2867",510,319,71
"2868",502,334,64
"2869",357,488,55
"2870",521,315,64
"2871",458,389,53
"2872",482,359,59
"2873",455,396,49
"2874",324,517,59
"2875",383,444,73
"2876",479,362,59
"2877",462,387,51
"2878",374,463,63
"2879",443,419,38
"2880",478,370,52
"2881",425,402,73
"2882",473,378,49
"2883",350,504,46
"2884",450,390,60
"2885",531,306,63
"2886",446,401,53
"2887",585,259,56
"2888",401,434,65
"2889",400,444,56
"2890",397,450,53
"2891",472,360,68
"2892",439,417,44
"2893",418,432,50
"2894",403,439,58
"2895",486,345,69
"2896",471,403,26
"2897",469,388,43
"2898",447,400,53
"2899",450,387,63
"2900",487,360,53
"2901",406,440,54
"2902",389,448,63
"2903",485,336,79
"2904",350,500,50
"2905",487,356,57
"2906",388,453,59
"2907",501,359,40
"2908",374,479,47
"2909",462,387,51
"2910",532,329,39
"2911",501,346,53
"2912",437,404,59
"2913",340,508,52
"2914",400,412,88
"2915",441,401,58
"2916",575,280,45
"2917",378,456,66
"2918",331,516,53
"2919",510,336,54
"2920",257,586,57
"2921",503,357,40
"2922",489,335,76
"2923",427,411,62
"2924",468,371,61
"2925",373,456,71
"2926",415,439,46
"2927",541,322,37
"2928",383,444,73
"2929",341,502,57
"2930",455,403,42
"2931",557,277,66
"2932",477,373,50
"2933",343,490,67
"2934",504,340,56
"2935",436,388,76
"2936",378,459,63
"2937",485,365,50
"2938",451,391,58
"2939",573,256,71
"2940",441,408,51
"2941",491,361,48
"2942",388,448,64
"2943",382,475,43
"2944",523,323,54
"2945",501,335,64
"2946",539,310,51
"2947",499,349,52
"2948",516,322,62
"2949",508,329,63
"2950",541,303,56
"2951",385,418,97
"2952",397,439,64
"2953",375,459,66
"2954",538,296,66
"2955",480,382,38
"2956",539,290,71
"2957",368,476,56
"2958",560,283,57
"2959",374,487,39
"2960",435,422,43
"2961",546,293,61
"2962",451,398,51
"2963",438,387,75
"2964",507,328,65
"2965",565,288,47
"2966",551,304,45
"2967",568,275,57
"2968",401,433,66
"2969",303,526,71
"2970",383,457,60
"2971",483,360,57
"2972",488,361,51
"2973",661,190,49
"2974",483,363,54
"2975",442,398,60
"2976",354,493,53
"2977",395,443,62
"2978",490,342,68
"2979",435,411,54
"2980",459,389,52
"2981",485,371,44
"2982",372,479,49
"2983",236,612,52
"2984",434,421,45
"2985",473,359,68
"2986",521,317,62
"2987",451,396,53
"2988",432,421,47
"2989",480,385,35
"2990",516,299,85
"2991",380,446,74
"2992",441,392,67
"2993",334,521,45
"2994",387,461,52
"2995",412,445,43
"2996",513,342,45
"2997",368,496,36
"2998",424,418,58
"2999",505,331,64
"3000",444,374,82
"3001",630,239,31
"3002",547,305,48
"3003",418,422,60
"3004",560,287,53
"3005",516,316,68
"3006",420,419,61
"3007",545,306,49
"3008",411,448,41
"3009",427,412,61
"3010",418,419,63
"3011",485,328,87
"3012",465,377,58
"3013",571,274,55
"3014",438,411,51
"3015",453,379,68
"3016",498,360,42
"3017",309,555,36
"3018",550,298,52
"3019",335,490,75
"3020",297,536,67
"3021",366,483,51
"3022",440,399,61
"3023",433,398,69
"3024",465,379,56
"3025",449,380,71
"3026",454,381,65
"3027",418,427,55
"3028",544,305,51
"3029",544,304,52
"3030",402,438,60
"3031",376,454,70
"3032",493,347,60
"3033",432,414,54
"3034",422,408,70
"3035",468,378,54
"3036",494,338,68
"3037",439,421,40
"3038",533,325,42
"3039",437,392,71
"3040",415,450,35
"3041",511,341,48
"3042",348,464,88
"3043",347,497,56
"3044",525,324,51
"3045",449,383,68
"3046",441,405,54
"3047",390,441,69
"3048",345,508,47
"3049",403,446,51
"3050",301,532,67
"3051",415,442,43
"3052",480,344,76
"3053",337,515,48
"3054",391,469,40
"3055",391,463,46
"3056",404,426,70
"3057",402,450,48
"3058",414,452,34
"3059",533,332,35
"3060",415,405,80
"3061",315,529,56
"3062",545,299,56
"3063",429,421,50
"3064",248,594,58
"3065",503,331,66
"3066",349,480,71
"3067",502,342,56
"3068",365,478,57
"3069",448,393,59
"3070",303,544,53
"3071",441,402,57
"3072",445,388,67
"3073",542,293,65
"3074",458,384,58
"3075",581,266,53
"3076",368,474,58
"3077",311,532,57
"3078",462,378,60
"3079",477,346,77
"3080",490,352,58
"3081",402,438,60
"3082",506,278,116
"3083",294,557,49
"3084",408,437,55
"3085",465,382,53
"3086",459,387,54
"3087",530,315,55
"3088",373,455,72
"3089",380,450,70
"3090",508,327,65
"3091",390,453,57
"3092",379,437,84
"3093",457,384,59
"3094",497,326,77
"3095",385,463,52
"3096",495,347,58
"3097",422,413,65
"3098",333,494,73
"3099",436,418,46
"3100",423,423,54
"3101",415,432,53
"3102",380,457,63
"3103",374,452,74
"3104",438,408,54
"3105",493,335,72
"3106",605,249,46
"3107",506,348,46
"3108",366,481,53
"3109",415,434,51
"3110",498,352,50
"3111",442,397,61
"3112",412,424,64
"3113",289,543,68
"3114",486,370,44
"3115",512,335,53
"3116",338,517,45
"3117",448,397,55
"3118",447,398,55
"3119",405,452,43
"3120",445,394,61
"3121",480,370,50
"3122",379,450,71
"3123",481,357,62
"3124",380,461,59
"3125",424,422,54
"3126",509,324,67
"3127",454,384,62
"3128",407,434,59
"3129",463,347,90
"3130",419,432,49
"3131",411,421,68
"3132",560,291,49
"3133",353,484,63
"3134",494,351,55
"3135",438,407,55
"3136",428,407,65
"3137",325,519,56
"3138",432,405,63
"3139",410,453,37
"3140",530,313,57
"3141",572,265,63
"3142",460,367,73
"3143",334,497,69
"3144",451,384,65
"3145",349,476,75
"3146",412,444,44
"3147",492,337,71
"3148",344,501,55
"3149",482,371,47
"3150",567,288,45
"3151",399,455,46
"3152",514,322,64
"3153",420,425,55
"3154",553,273,74
"3155",447,399,54
"3156",405,436,59
"3157",577,282,41
"3158",444,393,63
"3159",288,560,52
"3160",448,393,59
"3161",393,447,60
"3162",370,473,57
"3163",469,382,49
"3164",438,402,60
"3165",355,496,49
"3166",500,352,48
"3167",490,367,43
"3168",451,403,46
"3169",422,425,53
"3170",535,319,46
"3171",483,355,62
"3172",448,395,57
"3173",426,415,59
"3174",330,507,63
"3175",496,338,66
"3176",474,382,44
"3177",376,464,60
"3178",481,375,44
"3179",279,584,37
"3180",442,362,96
"3181",368,469,63
"3182",500,322,78
"3183",468,379,53
"3184",475,359,66
"3185",438,414,48
"3186",395,447,58
"3187",441,404,55
"3188",530,320,50
"3189",447,401,52
"3190",473,383,44
"3191",451,396,53
"3192",496,356,48
"3193",517,321,62
"3194",419,425,56
"3195",438,408,54
"3196",374,468,58
"3197",544,313,43
"3198",495,354,51
"3199",451,391,58
"3200",407,429,64
"3201",367,461,72
"3202",548,310,42
"3203",296,543,61
"3204",396,400,104
"3205",580,240,80
"3206",512,333,55
"3207",462,378,60
"3208",387,459,54
"3209",493,341,66
"3210",298,534,68
"3211",388,449,63
"3212",478,366,56
"3213",468,366,66
"3214",510,347,43
"3215",624,224,52
"3216",486,339,75
"3217",502,359,39
"3218",503,350,47
"3219",512,342,46
"3220",437,419,44
"3221",453,393,54
"3222",438,413,49
"3223",507,319,74
"3224",483,352,65
"3225",484,356,60
"3226",443,417,40
"3227",517,332,51
"3228",383,457,60
"3229",278,575,47
"3230",597,258,45
"3231",456,395,49
"3232",507,345,48
"3233",486,357,57
"3234",438,387,75
"3235",582,286,32
"3236",324,511,65
"3237",482,352,66
"3238",455,396,49
"3239",508,359,33
"3240",420,408,72
"3241",448,408,44
"3242",331,505,64
"3243",417,430,53
"3244",435,415,50
"3245",340,472,88
"3246",503,326,71
"3247",428,425,47
"3248",444,404,52
"3249",422,410,68
"3250",479,345,76
"3251",554,274,72
"3252",431,406,63
"3253",452,391,57
"3254",427,385,88
"3255",529,309,62
"3256",336,482,82
"3257",468,386,46
"3258",544,289,67
"3259",514,333,53
"3260",529,319,52
"3261",433,420,47
"3262",577,264,59
"3263",425,418,57
"3264",564,284,52
"3265",454,349,97
"3266",546,317,37
"3267",477,377,46
"3268",375,456,69
"3269",489,323,88
"3270",506,334,60
"3271",538,320,42
"3272",469,386,45
"3273",498,338,64
"3274",372,477,51
"3275",350,492,58
"3276",349,485,66
"3277",409,448,43
"3278",369,492,39
"3279",490,359,51
"3280",549,299,52
"3281",343,496,61
"3282",372,486,42
"3283",550,304,46
"3284",500,343,57
"3285",486,344,70
"3286",511,341,48
"3287",516,337,47
"3288",307,552,41
"3289",462,377,61
"3290",477,356,67
"3291",556,280,64
"3292",415,415,70
"3293",353,482,65
"3294",502,353,45
"3295",436,379,85
"3296",338,499,63
"3297",511,351,38
"3298",439,400,61
"3299",559,291,50
"3300",464,384,52
"3301",479,363,58
"3302",441,392,67
"3303",520,326,54
"3304",449,393,58
"3305",422,425,53
"3306",398,442,60
"3307",328,516,56
"3308",453,396,51
"3309",403,449,48
"3310",481,376,43
"3311",561,309,30
"3312",523,327,50
"3313",526,326,48
"3314",357,496,47
"3315",578,289,33
"3316",438,399,63
"3317",570,288,42
"3318",350,502,48
"3319",432,416,52
"3320",482,364,54
"3321",560,295,45
"3322",386,460,54
"3323",449,387,64
"3324",479,361,60
"3325",565,273,62
"3326",525,320,55
"3327",458,372,70
"3328",310,536,54
"3329",597,259,44
"3330",546,306,48
"3331",370,465,65
"3332",507,330,63
"3333",491,346,63
"3334",407,420,73
"3335",474,357,69
"3336",434,412,54
"3337",470,377,53
"3338",381,448,71
"3339",445,407,48
"3340",501,353,46
"3341",468,368,64
"3342",378,462,60
"3343",485,376,39
"3344",517,320,63
"3345",433,419,48
"3346",453,372,75
"3347",538,308,54
"3348",315,545,40
"3349",517,325,58
"3350",409,425,66
"3351",479,369,52
"3352",398,443,59
"3353",666,207,27
"3354",458,381,61
"3355",431,411,58
"3356",610,233,57
"3357",376,470,54
"3358",387,453,60
"3359",465,393,42
"3360",471,371,58
"3361",581,253,66
"3362",489,364,47
"3363",399,455,46
"3364",543,304,53
"3365",483,356,61
"3366",442,399,59
"3367",551,293,56
"3368",495,343,62
"3369",456,384,60
"3370",394,427,79
"3371",486,356,58
"3372",478,350,72
"3373",349,508,43
"3374",429,414,57
"3375",457,400,43
"3376",390,457,53
"3377",400,456,44
"3378",389,460,51
"3379",399,444,57
"3380",481,354,65
"3381",399,447,54
"3382",308,516,76
"3383",372,467,61
"3384",444,397,59
"3385",320,531,49
"3386",314,521,65
"3387",385,456,59
"3388",479,360,61
"3389",497,339,64
"3390",552,296,52
"3391",447,400,53
"3392",533,320,47
"3393",509,337,54
"3394",427,426,47
"3395",338,498,64
"3396",493,352,55
"3397",386,429,85
"3398",580,258,62
"3399",415,432,53
"3400",451,401,48
"3401",425,426,49
"3402",505,345,50
"3403",508,341,51
"3404",508,338,54
"3405",491,341,68
"3406",408,424,68
"3407",475,365,60
"3408",448,400,52
"3409",323,530,47
"3410",442,396,62
"3411",392,465,43
"3412",347,507,46
"3413",515,335,50
"3414",591,277,32
"3415",378,468,54
"3416",425,407,68
"3417",432,413,55
"3418",490,353,57
"3419",237,610,53
"3420",445,385,70
"3421",466,385,49
"3422",406,450,44
"3423",421,429,50
"3424",492,346,62
"3425",465,407,28
"3426",532,323,45
"3427",423,403,74
"3428",481,379,40
"3429",425,423,52
"3430",483,360,57
"3431",421,414,65
"3432",441,414,45
"3433",404,445,51
"3434",468,382,50
"3435",425,402,73
"3436",452,402,46
"3437",401,449,50
"3438",406,445,49
"3439",422,428,50
"3440",525,314,61
"3441",598,252,50
"3442",440,391,69
"3443",404,440,56
"3444",360,481,59
"3445",504,355,41
"3446",394,414,92
"3447",511,311,78
"3448",566,289,45
"3449",424,433,43
"3450",481,366,53
"3451",515,326,59
"3452",433,411,56
"3453",471,385,44
"3454",552,303,45
"3455",398,464,38
"3456",518,325,57
"3457",422,418,60
"3458",474,364,62
"3459",469,366,65
"3460",510,312,78
"3461",484,351,65
"3462",531,312,57
"3463",416,407,77
"3464",439,409,52
"3465",510,335,55
"3466",427,414,59
"3467",411,422,67
"3468",520,320,60
"3469",350,488,62
"3470",400,446,54
"3471",434,407,59
"3472",453,394,53
"3473",418,436,46
"3474",474,376,50
"3475",458,374,68
"3476",453,373,74
"3477",571,261,68
"3478",382,448,70
"3479",499,346,55
"3480",402,428,70
"3481",431,407,62
"3482",576,267,57
"3483",486,361,53
"3484",416,436,48
"3485",358,489,53
"3486",520,314,66
"3487",419,412,69
"3488",408,449,43
"3489",480,338,82
"3490",476,374,50
"3491",463,385,52
"3492",493,363,44
"3493",497,311,92
"3494",487,374,39
"3495",472,374,54
"3496",442,399,59
"3497",517,327,56
"3498",575,272,53
"3499",411,444,45
"3500",395,454,51
"3501",396,452,52
"3502",468,373,59
"3503",418,432,50
"3504",508,327,65
"3505",389,433,78
"3506",414,415,71
"3507",548,290,62
"3508",464,380,56
"3509",564,303,33
"3510",349,509,42
"3511",536,327,37
"3512",471,368,61
"3513",443,409,48
"3514",559,308,33
"3515",428,404,68
"3516",493,355,52
"3517",331,517,52
"3518",483,357,60
"3519",341,499,60
"3520",405,422,73
"3521",388,454,58
"3522",460,389,51
"3523",431,425,44
"3524",411,446,43
"3525",350,503,47
"3526",433,420,47
"3527",368,484,48
"3528",485,364,51
"3529",409,429,62
"3530",533,315,52
"3531",444,410,46
"3532",450,387,63
"3533",568,279,53
"3534",590,248,62
"3535",356,479,65
"3536",396,431,73
"3537",467,367,66
"3538",472,379,49
"3539",484,370,46
"3540",570,289,41
"3541",388,454,58
"3542",335,478,87
"3543",393,438,69
"3544",389,443,68
"3545",333,516,51
"3546",467,379,54
"3547",538,318,44
"3548",368,484,48
"3549",483,357,60
"3550",435,393,72
"3551",397,440,63
"3552",449,381,70
"3553",489,365,46
"3554",460,379,61
"3555",391,451,58
"3556",415,411,74
"3557",525,291,84
"3558",359,477,64
"3559",397,448,55
"3560",495,337,68
"3561",406,410,84
"3562",446,418,36
"3563",479,354,67
"3564",399,431,70
"3565",482,358,60
"3566",468,359,73
"3567",513,325,62
"3568",358,494,48
"3569",436,408,56
"3570",468,374,58
"3571",539,317,44
"3572",380,460,60
"3573",465,397,38
"3574",499,338,63
"3575",531,307,62
"3576",486,357,57
"3577",482,335,83
"3578",415,402,83
"3579",313,548,39
"3580",527,340,33
"3581",419,429,52
"3582",430,423,47
"3583",437,394,69
"3584",366,491,43
"3585",364,492,44
"3586",369,448,83
"3587",504,342,54
"3588",505,336,59
"3589",396,451,53
"3590",400,451,49
"3591",409,453,38
"3592",466,374,60
"3593",461,387,52
"3594",450,388,62
"3595",484,364,52
"3596",450,385,65
"3597",577,280,43
"3598",442,405,53
"3599",435,385,80
"3600",414,435,51
"3601",400,452,48
"3602",431,414,55
"3603",481,341,78
"3604",473,354,73
"3605",462,392,46
"3606",366,483,51
"3607",427,400,73
"3608",447,392,61
"3609",408,423,69
"3610",549,288,63
"3611",365,479,56
"3612",501,352,47
"3613",578,277,45
"3614",363,479,58
"3615",432,418,50
"3616",527,298,75
"3617",474,376,50
"3618",480,370,50
"3619",455,394,51
"3620",483,354,63
"3621",381,468,51
"3622",335,513,52
"3623",405,445,50
"3624",411,413,76
"3625",629,219,52
"3626",535,275,90
"3627",407,440,53
"3628",509,322,69
"3629",462,396,42
"3630",340,488,72
"3631",482,342,76
"3632",412,412,76
"3633",449,387,64
"3634",454,404,42
"3635",425,410,65
"3636",481,360,59
"3637",396,456,48
"3638",468,380,52
"3639",522,322,56
"3640",471,396,33
"3641",483,358,59
"3642",331,520,49
"3643",534,306,60
"3644",335,497,68
"3645",511,337,52
"3646",544,293,63
"3647",409,452,39
"3648",589,250,61
"3649",494,348,58
"3650",535,302,63
"3651",380,459,61
"3652",344,489,67
"3653",444,380,76
"3654",563,276,61
"3655",429,420,51
"3656",346,488,66
"3657",347,497,56
"3658",419,416,65
"3659",450,385,65
"3660",553,302,45
"3661",412,435,53
"3662",502,322,76
"3663",380,467,53
"3664",319,522,59
"3665",404,398,98
"3666",462,400,38
"3667",463,380,57
"3668",423,428,49
"3669",503,344,53
"3670",395,446,59
"3671",277,565,58
"3672",357,472,71
"3673",396,433,71
"3674",468,376,56
"3675",613,251,36
"3676",533,296,71
"3677",335,491,74
"3678",582,275,43
"3679",475,363,62
"3680",481,333,86
"3681",500,344,56
"3682",422,429,49
"3683",460,382,58
"3684",480,377,43
"3685",392,434,74
"3686",546,304,50
"3687",462,384,54
"3688",347,494,59
"3689",495,341,64
"3690",405,440,55
"3691",390,439,71
"3692",369,495,36
"3693",359,482,59
"3694",516,334,50
"3695",487,347,66
"3696",442,405,53
"3697",495,355,50
"3698",476,367,57
"3699",433,395,72
"3700",454,366,80
"3701",451,399,50
"3702",428,418,54
"3703",481,356,63
"3704",392,457,51
"3705",435,402,63
"3706",428,412,60
"3707",489,363,48
"3708",518,334,48
"3709",486,356,58
"3710",447,380,73
"3711",392,463,45
"3712",425,406,69
"3713",443,411,46
"3714",343,502,55
"3715",366,487,47
"3716",467,357,76
"3717",413,442,45
"3718",340,480,80
"3719",473,358,69
"3720",536,309,55
"3721",441,373,86
"3722",501,357,42
"3723",394,456,50
"3724",477,349,74
"3725",527,309,64
"3726",327,526,47
"3727",345,504,51
"3728",521,327,52
"3729",502,344,54
"3730",373,457,70
"3731",455,388,57
"3732",524,318,58
"3733",491,353,56
"3734",499,358,43
"3735",296,544,60
"3736",484,359,57
"3737",527,316,57
"3738",431,408,61
"3739",459,398,43
"3740",466,372,62
"3741",464,402,34
"3742",464,380,56
"3743",503,350,47
"3744",403,456,41
"3745",382,453,65
"3746",548,317,35
"3747",498,339,63
"3748",368,485,47
"3749",479,369,52
"3750",435,420,45
"3751",546,302,52
"3752",395,431,74
"3753",503,343,54
"3754",492,367,41
"3755",400,460,40
"3756",386,475,39
"3757",489,358,53
"3758",303,544,53
"3759",441,387,72
"3760",332,501,67
"3761",519,325,56
"3762",472,375,53
"3763",384,458,58
"3764",487,349,64
"3765",555,312,33
"3766",546,317,37
"3767",516,337,47
"3768",494,327,79
"3769",354,489,57
"3770",464,390,46
"3771",517,322,61
"3772",429,409,62
"3773",378,464,58
"3774",455,403,42
"3775",494,340,66
"3776",564,288,48
"3777",366,433,101
"3778",519,314,67
"3779",511,334,55
"3780",450,389,61
"3781",372,485,43
"3782",561,291,48
"3783",426,378,96
"3784",319,517,64
"3785",569,296,35
"3786",401,458,41
"3787",505,360,35
"3788",461,398,41
"3789",531,312,57
"3790",463,391,46
"3791",424,411,65
"3792",451,395,54
"3793",450,393,57
"3794",457,410,33
"3795",332,490,78
"3796",452,378,70
"3797",405,435,60
"3798",425,432,43
"3799",412,453,35
"3800",449,384,67
"3801",337,498,65
"3802",444,380,76
"3803",359,488,53
"3804",515,331,54
"3805",443,416,41
"3806",404,428,68
"3807",414,434,52
"3808",514,344,42
"3809",366,451,83
"3810",429,394,77
"3811",435,419,46
"3812",493,368,39
"3813",559,305,36
"3814",469,352,79
"3815",456,373,71
"3816",465,388,47
"3817",531,318,51
"3818",413,436,51
"3819",334,508,58
"3820",394,460,46
"3821",500,353,47
"3822",363,472,65
"3823",443,414,43
"3824",474,372,54
"3825",485,367,48
"3826",509,333,58
"3827",448,401,51
"3828",308,545,47
"3829",471,368,61
"3830",532,316,52
"3831",462,389,49
"3832",524,328,48
"3833",306,550,44
"3834",413,418,69
"3835",434,417,49
"3836",487,350,63
"3837",354,473,73
"3838",382,454,64
"3839",486,330,84
"3840",417,426,57
"3841",399,459,42
"3842",497,362,41
"3843",430,398,72
"3844",355,491,54
"3845",444,401,55
"3846",435,403,62
"3847",561,288,51
"3848",524,326,50
"3849",405,424,71
"3850",397,444,59
"3851",435,420,45
"3852",442,388,70
"3853",383,457,60
"3854",525,355,20
"3855",499,358,43
"3856",316,530,54
"3857",540,321,39
"3858",350,493,57
"3859",468,374,58
"3860",541,302,57
"3861",438,411,51
"3862",453,400,47
"3863",537,298,65
"3864",498,355,47
"3865",537,313,50
"3866",461,357,82
"3867",378,472,50
"3868",544,300,56
"3869",399,437,64
"3870",368,496,36
"3871",528,333,39
"3872",498,356,46
"3873",427,427,46
"3874",409,436,55
"3875",487,368,45
"3876",494,342,64
"3877",570,289,41
"3878",516,323,61
"3879",494,356,50
"3880",423,409,68
"3881",445,384,71
"3882",529,292,79
"3883",560,271,69
"3884",355,490,55
"3885",491,346,63
"3886",594,256,50
"3887",571,265,64
"3888",557,300,43
"3889",402,441,57
"3890",519,324,57
"3891",431,399,70
"3892",408,453,39
"3893",461,386,53
"3894",401,410,89
"3895",510,340,50
"3896",440,399,61
"3897",468,390,42
"3898",380,462,58
"3899",405,427,68
"3900",393,437,70
"3901",367,488,45
"3902",462,371,67
"3903",473,386,41
"3904",380,468,52
"3905",386,467,47
"3906",566,288,46
"3907",507,326,67
"3908",443,377,80
"3909",465,367,68
"3910",467,359,74
"3911",383,473,44
"3912",444,396,60
"3913",547,309,44
"3914",499,336,65
"3915",364,484,52
"3916",410,459,31
"3917",494,358,48
"3918",394,456,50
"3919",402,422,76
"3920",528,335,37
"3921",513,333,54
"3922",358,464,78
"3923",490,345,65
"3924",405,413,82
"3925",377,470,53
"3926",401,454,45
"3927",514,340,46
"3928",513,350,37
"3929",509,319,72
"3930",506,355,39
"3931",512,328,60
"3932",374,491,35
"3933",479,374,47
"3934",655,216,29
"3935",560,288,52
"3936",315,534,51
"3937",513,331,56
"3938",415,425,60
"3939",507,351,42
"3940",412,432,56
"3941",448,389,63
"3942",420,404,76
"3943",520,337,43
"3944",428,419,53
"3945",541,316,43
"3946",597,238,65
"3947",398,442,60
"3948",418,436,46
"3949",486,357,57
"3950",398,442,60
"3951",464,363,73
"3952",408,412,80
"3953",541,300,59
"3954",501,319,80
"3955",496,367,37
"3956",388,429,83
"3957",500,347,53
"3958",402,436,62
"3959",485,357,58
"3960",555,301,44
"3961",495,348,57
"3962",458,385,57
"3963",379,462,59
"3964",422,399,79
"3965",440,399,61
"3966",435,410,55
"3967",545,315,40
"3968",445,377,78
"3969",605,241,54
"3970",573,264,63
"3971",428,408,64
"3972",417,413,70
"3973",397,446,57
"3974",338,506,56
"3975",456,374,70
"3976",344,475,81
"3977",527,327,46
"3978",405,447,48
"3979",420,432,48
"3980",454,396,50
"3981",423,419,58
"3982",538,299,63
"3983",434,417,49
"3984",485,349,66
"3985",378,459,63
"3986",443,415,42
"3987",507,337,56
"3988",578,271,51
"3989",562,284,54
"3990",408,430,62
"3991",494,348,58
"3992",494,359,47
"3993",438,411,51
"3994",413,415,72
"3995",421,416,63
"3996",416,419,65
"3997",498,351,51
"3998",573,262,65
"3999",412,440,48
"4000",326,528,46
"4001",477,366,57
"4002",540,317,43
"4003",540,306,54
"4004",346,500,54
"4005",512,326,62
"4006",444,407,49
"4007",482,362,56
"4008",367,478,55
"4009",394,447,59
"4010",490,350,60
"4011",520,329,51
"4012",553,294,53
"4013",369,483,48
"4014",371,466,63
"4015",398,451,51
"4016",363,467,70
"4017",438,411,51
"4018",462,371,67
"4019",425,423,52
"4020",462,394,44
"4021",444,399,57
"4022",480,369,51
"4023",460,382,58
"4024",450,387,63
"4025",412,420,68
"4026",294,522,84
"4027",372,454,74
"4028",516,336,48
"4029",482,371,47
"4030",399,431,70
"4031",432,417,51
"4032",465,390,45
"4033",570,279,51
"4034",529,321,50
"4035",410,431,59
"4036",455,391,54
"4037",357,508,35
"4038",577,292,31
"4039",506,329,65
"4040",451,385,64
"4041",441,397,62
"4042",455,388,57
"4043",402,463,35
"4044",346,483,71
"4045",370,474,56
"4046",528,318,54
"4047",507,335,58
"4048",544,302,54
"4049",374,447,79
"4050",496,361,43
"4051",458,398,44
"4052",278,580,42
"4053",465,359,76
"4054",378,459,63
"4055",396,435,69
"4056",441,375,84
"4057",425,426,49
"4058",442,407,51
"4059",416,416,68
"4060",487,377,36
"4061",466,376,58
"4062",416,430,54
"4063",334,501,65
"4064",463,356,81
"4065",368,470,62
"4066",400,428,72
"4067",434,407,59
"4068",433,402,65
"4069",366,460,74
"4070",452,397,51
"4071",482,378,40
"4072",457,388,55
"4073",512,327,61
"4074",556,293,51
"4075",615,243,42
"4076",505,324,71
"4077",463,388,49
"4078",447,357,96
"4079",545,278,77
"4080",366,487,47
"4081",488,359,53
"4082",453,394,53
"4083",540,309,51
"4084",478,356,66
"4085",532,319,49
"4086",476,372,52
"4087",442,383,75
"4088",451,398,51
"4089",448,411,41
"4090",436,409,55
"4091",337,517,46
"4092",435,423,42
"4093",513,342,45
"4094",370,455,75
"4095",520,325,55
"4096",393,455,52
"4097",503,348,49
"4098",460,384,56
"4099",513,330,57
"4100",483,365,52
"4101",455,349,96
"4102",550,293,57
"4103",474,378,48
"4104",561,285,54
"4105",481,366,53
"4106",409,421,70
"4107",508,348,44
"4108",376,466,58
"4109",496,333,71
"4110",445,391,64
"4111",544,293,63
"4112",518,312,70
"4113",583,271,46
"4114",421,417,62
"4115",543,311,46
"4116",496,354,50
"4117",524,319,57
"4118",409,423,68
"4119",513,330,57
"4120",485,378,37
"4121",433,414,53
"4122",513,338,49
"4123",563,270,67
"4124",466,389,45
"4125",462,378,60
"4126",398,412,90
"4127",495,363,42
"4128",436,400,64
"4129",482,359,59
"4130",474,370,56
"4131",430,434,36
"4132",543,296,61
"4133",492,343,65
"4134",466,373,61
"4135",315,539,46
"4136",512,323,65
"4137",483,373,44
"4138",517,320,63
"4139",415,430,55
"4140",462,378,60
"4141",450,378,72
"4142",517,344,39
"4143",432,416,52
"4144",435,419,46
"4145",537,305,58
"4146",420,419,61
"4147",486,363,51
"4148",494,333,73
"4149",439,408,53
"4150",325,512,63
"4151",574,261,65
"4152",443,375,82
"4153",462,368,70
"4154",528,310,62
"4155",399,431,70
"4156",470,390,40
"4157",334,532,34
"4158",412,416,72
"4159",530,303,67
"4160",471,380,49
"4161",428,402,70
"4162",379,465,56
"4163",495,353,52
"4164",486,350,64
"4165",380,454,66
"4166",404,428,68
"4167",429,406,65
"4168",524,328,48
"4169",489,350,61
"4170",365,477,58
"4171",508,332,60
"4172",404,418,78
"4173",456,397,47
"4174",374,461,65
"4175",516,329,55
"4176",483,365,52
"4177",437,417,46
"4178",469,374,57
"4179",341,503,56
"4180",441,373,86
"4181",477,362,61
"4182",523,307,70
"4183",426,413,61
"4184",389,437,74
"4185",379,472,49
"4186",447,377,76
"4187",490,340,70
"4188",459,366,75
"4189",458,386,56
"4190",381,452,67
"4191",528,309,63
"4192",442,381,77
"4193",425,427,48
"4194",403,419,78
"4195",560,284,56
"4196",376,471,53
"4197",568,291,41
"4198",536,313,51
"4199",479,352,69
"4200",364,473,63
"4201",367,498,35
"4202",378,463,59
"4203",375,458,67
"4204",404,430,66
"4205",507,350,43
"4206",484,356,60
"4207",494,340,66
"4208",396,453,51
"4209",461,399,40
"4210",345,496,59
"4211",480,343,77
"4212",438,406,56
"4213",454,383,63
"4214",370,480,50
"4215",492,346,62
"4216",369,477,54
"4217",303,545,52
"4218",489,351,60
"4219",505,325,70
"4220",550,280,70
"4221",498,332,70
"4222",482,340,78
"4223",517,316,67
"4224",363,494,43
"4225",448,413,39
"4226",541,309,50
"4227",497,348,55
"4228",349,508,43
"4229",494,351,55
"4230",504,344,52
"4231",441,414,45
"4232",486,342,72
"4233",375,465,60
"4234",561,273,66
"4235",451,397,52
"4236",437,419,44
"4237",390,446,64
"4238",570,287,43
"4239",479,366,55
"4240",436,394,70
"4241",422,435,43
"4242",464,382,54
"4243",428,394,78
"4244",404,440,56
"4245",375,491,34
"4246",485,373,42
"4247",475,356,69
"4248",525,320,55
"4249",338,491,71
"4250",359,492,49
"4251",504,344,52
"4252",415,433,52
"4253",372,494,34
"4254",479,368,53
"4255",331,498,71
"4256",440,429,31
"4257",522,322,56
"4258",519,336,45
"4259",566,280,54
"4260",449,410,41
"4261",484,377,39
"4262",465,387,48
"4263",365,455,80
"4264",478,375,47
"4265",355,489,56
"4266",546,290,64
"4267",543,304,53
"4268",582,274,44
"4269",514,341,45
"4270",351,500,49
"4271",365,484,51
"4272",466,382,52
"4273",401,433,66
"4274",505,343,52
"4275",411,430,59
"4276",367,472,61
"4277",509,331,60
"4278",524,312,64
"4279",336,517,47
"4280",493,348,59
"4281",502,335,63
"4282",452,382,66
"4283",483,366,51
"4284",384,458,58
"4285",436,410,54
"4286",477,372,51
"4287",426,402,72
"4288",442,396,62
"4289",492,362,46
"4290",388,460,52
"4291",472,373,55
"4292",432,411,57
"4293",380,460,60
"4294",510,330,60
"4295",434,400,66
"4296",478,351,71
"4297",445,401,54
"4298",393,471,36
"4299",471,371,58
"4300",407,424,69
"4301",392,438,70
"4302",426,428,46
"4303",395,450,55
"4304",525,329,46
"4305",429,400,71
"4306",481,369,50
"4307",510,349,41
"4308",511,334,55
"4309",498,353,49
"4310",548,299,53
"4311",398,421,81
"4312",385,457,58
"4313",415,436,49
"4314",337,518,45
"4315",450,401,49
"4316",403,407,90
"4317",488,368,44
"4318",379,470,51
"4319",468,396,36
"4320",504,341,55
"4321",475,374,51
"4322",481,349,70
"4323",331,509,60
"4324",334,509,57
"4325",394,460,46
"4326",324,526,50
"4327",456,379,65
"4328",338,506,56
"4329",374,454,72
"4330",483,343,74
"4331",482,368,50
"4332",408,428,64
"4333",468,372,60
"4334",415,434,51
"4335",269,576,55
"4336",561,288,51
"4337",387,456,57
"4338",326,516,58
"4339",530,314,56
"4340",460,389,51
"4341",569,282,49
"4342",491,363,46
"4343",470,352,78
"4344",399,453,48
"4345",502,343,55
"4346",581,268,51
"4347",328,514,58
"4348",350,477,73
"4349",429,429,42
"4350",441,396,63
"4351",470,377,53
"4352",464,372,64
"4353",321,525,54
"4354",563,279,58
"4355",448,413,39
"4356",546,300,54
"4357",528,312,60
"4358",441,397,62
"4359",546,291,63
"4360",562,285,53
"4361",438,413,49
"4362",485,364,51
"4363",515,330,55
"4364",467,379,54
"4365",459,372,69
"4366",486,351,63
"4367",584,282,34
"4368",487,354,59
"4369",478,383,39
"4370",446,400,54
"4371",519,330,51
"4372",491,342,67
"4373",428,416,56
"4374",413,436,51
"4375",457,384,59
"4376",355,482,63
"4377",379,475,46
"4378",659,205,36
"4379",394,463,43
"4380",462,371,67
"4381",424,424,52
"4382",451,384,65
"4383",480,383,37
"4384",480,388,32
"4385",354,489,57
"4386",488,344,68
"4387",378,478,44
"4388",499,365,36
"4389",406,445,49
"4390",512,328,60
"4391",554,305,41
"4392",472,375,53
"4393",478,360,62
"4394",316,532,52
"4395",434,421,45
"4396",364,489,47
"4397",419,416,65
"4398",338,516,46
"4399",386,448,66
"4400",506,342,52
"4401",458,395,47
"4402",395,441,64
"4403",316,540,44
"4404",377,477,46
"4405",420,405,75
"4406",429,423,48
"4407",412,420,68
"4408",445,410,45
"4409",612,253,35
"4410",513,345,42
"4411",436,409,55
"4412",399,458,43
"4413",463,377,60
"4414",432,416,52
"4415",419,436,45
"4416",506,343,51
"4417",392,465,43
"4418",459,397,44
"4419",537,300,63
"4420",485,370,45
"4421",437,423,40
"4422",301,542,57
"4423",453,400,47
"4424",429,394,77
"4425",589,256,55
"4426",417,436,47
"4427",550,315,35
"4428",458,376,66
"4429",442,404,54
"4430",417,420,63
"4431",343,492,65
"4432",444,392,64
"4433",445,395,60
"4434",445,408,47
"4435",331,506,63
"4436",491,353,56
"4437",438,406,56
"4438",486,370,44
"4439",546,294,60
"4440",427,415,58
"4441",333,529,38
"4442",535,319,46
"4443",418,416,66
"4444",453,394,53
"4445",388,449,63
"4446",559,275,66
"4447",503,334,63
"4448",403,420,77
"4449",452,411,37
"4450",394,446,60
"4451",331,514,55
"4452",356,480,64
"4453",409,449,42
"4454",359,470,71
"4455",415,442,43
"4456",351,476,73
"4457",427,414,59
"4458",407,445,48
"4459",496,345,59
"4460",434,406,60
"4461",354,502,44
"4462",331,491,78
"4463",416,407,77
"4464",555,265,80
"4465",414,442,44
"4466",364,495,41
"4467",485,352,63
"4468",414,434,52
"4469",428,434,38
"4470",470,391,39
"4471",472,372,56
"4472",509,313,78
"4473",404,450,46
"4474",434,413,53
"4475",462,373,65
"4476",466,369,65
"4477",459,383,58
"4478",494,341,65
"4479",462,391,47
"4480",501,338,61
"4481",416,433,51
"4482",479,365,56
"4483",366,475,59
"4484",436,384,80
"4485",445,384,71
"4486",422,407,71
"4487",447,397,56
"4488",446,384,70
"4489",486,366,48
"4490",508,338,54
"4491",432,417,51
"4492",458,374,68
"4493",358,492,50
"4494",500,349,51
"4495",396,441,63
"4496",549,306,45
"4497",358,493,49
"4498",470,349,81
"4499",437,406,57
"4500",482,368,50
"4501",383,474,43
"4502",380,474,46
"4503",575,265,60
"4504",451,401,48
"4505",373,471,56
"4506",507,350,43
"4507",342,506,52
"4508",308,541,51
"4509",335,494,71
"4510",418,417,65
"4511",314,529,57
"4512",419,413,68
"4513",343,513,44
"4514",465,389,46
"4515",593,259,48
"4516",481,361,58
"4517",392,469,39
"4518",405,459,36
"4519",497,349,54
"4520",429,424,47
"4521",547,306,47
"4522",552,296,52
"4523",620,226,54
"4524",562,288,50
"4525",531,296,73
"4526",300,553,47
"4527",482,380,38
"4528",556,293,51
"4529",349,474,77
"4530",525,327,48
"4531",327,521,52
"4532",449,385,66
"4533",580,272,48
"4534",476,379,45
"4535",565,291,44
"4536",452,369,79
"4537",519,309,72
"4538",432,401,67
"4539",490,372,38
"4540",458,392,50
"4541",478,359,63
"4542",470,348,82
"4543",531,300,69
"4544",403,449,48
"4545",418,432,50
"4546",540,309,51
"4547",379,462,59
"4548",410,449,41
"4549",390,464,46
"4550",482,371,47
"4551",412,435,53
"4552",430,440,30
"4553",486,341,73
"4554",586,260,54
"4555",274,578,48
"4556",509,335,56
"4557",572,273,55
"4558",531,314,55
"4559",391,462,47
"4560",428,403,69
"4561",410,414,76
"4562",498,345,57
"4563",508,340,52
"4564",428,436,36
"4565",389,461,50
"4566",485,332,83
"4567",478,371,51
"4568",411,437,52
"4569",475,371,54
"4570",452,366,82
"4571",346,506,48
"4572",425,427,48
"4573",436,411,53
"4574",383,471,46
"4575",428,413,59
"4576",545,312,43
"4577",419,414,67
"4578",504,345,51
"4579",599,254,47
"4580",516,316,68
"4581",483,360,57
"4582",439,431,30
"4583",441,396,63
"4584",467,381,52
"4585",404,442,54
"4586",482,364,54
"4587",362,486,52
"4588",417,426,57
"4589",432,402,66
"4590",473,380,47
"4591",431,414,55
"4592",503,333,64
"4593",413,434,53
"4594",585,246,69
"4595",430,422,48
"4596",369,470,61
"4597",410,413,77
"4598",414,413,73
"4599",513,342,45
"4600",462,382,56
"4601",465,365,70
"4602",427,402,71
"4603",441,409,50
"4604",575,267,58
"4605",288,530,82
"4606",488,363,49
"4607",509,353,38
"4608",591,264,45
"4609",451,364,85
"4610",469,363,68
"4611",371,484,45
"4612",416,431,53
"4613",520,318,62
"4614",420,428,52
"4615",337,486,77
"4616",518,326,56
"4617",519,304,77
"4618",436,402,62
"4619",360,471,69
"4620",425,408,67
"4621",454,394,52
"4622",525,335,40
"4623",467,373,60
"4624",427,429,44
"4625",295,563,42
"4626",392,444,64
"4627",447,402,51
"4628",301,553,46
"4629",498,350,52
"4630",467,373,60
"4631",459,383,58
"4632",549,309,42
"4633",425,422,53
"4634",528,335,37
"4635",399,426,75
"4636",498,344,58
"4637",506,342,52
"4638",390,471,39
"4639",474,366,60
"4640",410,427,63
"4641",493,352,55
"4642",320,518,62
"4643",342,504,54
"4644",438,425,37
"4645",485,369,46
"4646",437,406,57
"4647",345,503,52
"4648",469,350,81
"4649",439,392,69
"4650",504,345,51
"4651",441,374,85
"4652",464,368,68
"4653",458,397,45
"4654",338,523,39
"4655",483,371,46
"4656",501,318,81
"4657",460,373,67
"4658",410,437,53
"4659",513,340,47
"4660",460,389,51
"4661",416,417,67
"4662",473,369,58
"4663",411,431,58
"4664",521,314,65
"4665",462,367,71
"4666",409,433,58
"4667",600,262,38
"4668",409,449,42
"4669",485,369,46
"4670",483,340,77
"4671",504,352,44
"4672",436,415,49
"4673",584,290,26
"4674",408,433,59
"4675",456,388,56
"4676",423,418,59
"4677",359,491,50
"4678",545,298,57
"4679",481,366,53
"4680",500,351,49
"4681",486,350,64
"4682",398,453,49
"4683",532,317,51
"4684",459,382,59
"4685",494,351,55
"4686",414,438,48
"4687",512,347,41
"4688",462,390,48
"4689",412,442,46
"4690",416,441,43
"4691",383,444,73
"4692",557,300,43
"4693",414,440,46
"4694",432,397,71
"4695",469,371,60
"4696",327,513,60
"4697",482,363,55
"4698",496,354,50
"4699",463,358,79
"4700",356,479,65
"4701",604,232,64
"4702",400,459,41
"4703",465,380,55
"4704",440,393,67
"4705",553,304,43
"4706",433,400,67
"4707",453,387,60
"4708",412,434,54
"4709",497,315,88
"4710",548,298,54
"4711",410,405,85
"4712",509,336,55
"4713",436,420,44
"4714",400,447,53
"4715",474,355,71
"4716",451,386,63
"4717",582,285,33
"4718",587,261,52
"4719",547,298,55
"4720",417,443,40
"4721",480,369,51
"4722",506,344,50
"4723",316,540,44
"4724",419,430,51
"4725",492,355,53
"4726",403,439,58
"4727",337,501,62
"4728",417,424,59
"4729",402,444,54
"4730",370,475,55
"4731",447,417,36
"4732",441,406,53
"4733",478,348,74
"4734",398,450,52
"4735",623,245,32
"4736",505,340,55
"4737",510,356,34
"4738",422,399,79
"4739",333,472,95
"4740",382,469,49
"4741",358,499,43
"4742",467,372,61
"4743",418,408,74
"4744",626,213,61
"4745",525,318,57
"4746",412,446,42
"4747",564,272,64
"4748",453,382,65
"4749",603,245,52
"4750",350,489,61
"4751",438,414,48
"4752",479,365,56
"4753",588,256,56
"4754",482,361,57
"4755",388,456,56
"4756",380,469,51
"4757",539,309,52
"4758",450,395,55
"4759",435,401,64
"4760",373,466,61
"4761",497,344,59
"4762",365,492,43
"4763",558,295,47
"4764",280,576,44
"4765",358,467,75
"4766",433,403,64
"4767",458,381,61
"4768",456,396,48
"4769",476,357,67
"4770",437,391,72
"4771",434,402,64
"4772",379,492,29
"4773",502,359,39
"4774",365,462,73
"4775",533,292,75
"4776",244,599,57
"4777",549,296,55
"4778",641,241,18
"4779",473,376,51
"4780",469,359,72
"4781",416,429,55
"4782",387,440,73
"4783",509,337,54
"4784",409,434,57
"4785",544,299,57
"4786",445,396,59
"4787",333,521,46
"4788",598,240,62
"4789",552,307,41
"4790",468,358,74
"4791",441,394,65
"4792",323,531,46
"4793",380,454,66
"4794",478,346,76
"4795",447,407,46
"4796",376,464,60
"4797",475,358,67
"4798",600,264,36
"4799",510,319,71
"4800",445,418,37
"4801",419,407,74
"4802",361,469,70
"4803",418,414,68
"4804",394,440,66
"4805",405,441,54
"4806",500,346,54
"4807",382,458,60
"4808",305,545,50
"4809",275,572,53
"4810",374,484,42
"4811",389,467,44
"4812",424,413,63
"4813",571,249,80
"4814",452,379,69
"4815",377,477,46
"4816",365,479,56
"4817",423,414,63
"4818",520,342,38
"4819",539,311,50
"4820",336,507,57
"4821",497,356,47
"4822",365,473,62
"4823",432,403,65
"4824",414,429,57
"4825",457,405,38
"4826",499,318,83
"4827",387,452,61
"4828",529,305,66
"4829",383,465,52
"4830",421,417,62
"4831",622,224,54
"4832",347,500,53
"4833",474,332,94
"4834",513,331,56
"4835",303,559,38
"4836",458,388,54
"4837",410,444,46
"4838",512,336,52
"4839",502,334,64
"4840",430,432,38
"4841",530,335,35
"4842",475,381,44
"4843",446,414,40
"4844",411,446,43
"4845",433,420,47
"4846",311,541,48
"4847",411,442,47
"4848",279,562,59
"4849",497,368,35
"4850",388,456,56
"4851",411,437,52
"4852",412,441,47
"4853",509,335,56
"4854",377,471,52
"4855",427,417,56
"4856",432,417,51
"4857",367,482,51
"4858",417,422,61
"4859",531,319,50
"4860",417,443,40
"4861",473,357,70
"4862",410,434,56
"4863",489,361,50
"4864",455,397,48
"4865",425,419,56
"4866",575,282,43
"4867",426,427,47
"4868",360,473,67
"4869",425,419,56
"4870",490,358,52
"4871",439,401,60
"4872",373,453,74
"4873",530,306,64
"4874",575,243,82
"4875",393,454,53
"4876",349,494,57
"4877",522,338,40
"4878",393,451,56
"4879",462,372,66
"4880",323,534,43
"4881",479,380,41
"4882",393,456,51
"4883",404,438,58
"4884",451,392,57
"4885",535,292,73
"4886",548,305,47
"4887",383,464,53
"4888",408,458,34
"4889",333,477,90
"4890",375,483,42
"4891",347,497,56
"4892",400,452,48
"4893",422,437,41
"4894",382,465,53
"4895",429,408,63
"4896",575,285,40
"4897",463,397,40
"4898",422,418,60
"4899",333,512,55
"4900",454,395,51
"4901",515,319,66
"4902",361,491,48
"4903",501,348,51
"4904",354,500,46
"4905",495,325,80
"4906",435,413,52
"4907",400,453,47
"4908",574,271,55
"4909",357,480,63
"4910",428,415,57
"4911",334,512,54
"4912",345,502,53
"4913",429,426,45
"4914",495,328,77
"4915",517,311,72
"4916",557,277,66
"4917",400,434,66
"4918",380,465,55
"4919",581,258,61
"4920",397,450,53
"4921",387,448,65
"4922",495,346,59
"4923",467,384,49
"4924",445,409,46
"4925",560,294,46
"4926",275,580,45
"4927",373,486,41
"4928",428,402,70
"4929",528,299,73
"4930",536,311,53
"4931",482,360,58
"4932",443,396,61
"4933",444,395,61
"4934",467,378,55
"4935",413,432,55
"4936",510,336,54
"4937",477,394,29
"4938",363,485,52
"4939",439,394,67
"4940",433,431,36
"4941",319,517,64
"4942",425,419,56
"4943",464,387,49
"4944",492,357,51
"4945",430,402,68
"4946",483,365,52
"4947",491,355,54
"4948",404,449,47
"4949",394,444,62
"4950",458,387,55
"4951",422,422,56
"4952",441,409,50
"4953",434,409,57
"4954",541,307,52
"4955",527,321,52
"4956",382,476,42
"4957",412,425,63
"4958",462,384,54
"4959",327,520,53
"4960",400,435,65
"4961",458,374,68
"4962",472,386,42
"4963",332,494,74
"4964",357,495,48
"4965",340,516,44
"4966",441,400,59
"4967",481,391,28
"4968",446,386,68
"4969",493,350,57
"4970",360,479,61
"4971",342,514,44
"4972",428,420,52
"4973",522,308,70
"4974",493,349,58
"4975",415,448,37
"4976",427,431,42
"4977",470,336,94
"4978",437,416,47
"4979",478,365,57
"4980",544,300,56
"4981",431,435,34
"4982",356,487,57
"4983",411,437,52
"4984",473,370,57
"4985",473,387,40
"4986",462,384,54
"4987",575,272,53
"4988",542,273,85
"4989",315,528,57
"4990",371,474,55
"4991",509,321,70
"4992",380,450,70
"4993",486,375,39
"4994",424,440,36
"4995",363,470,67
"4996",383,454,63
"4997",575,272,53
"4998",391,451,58
"4999",411,432,57
"5000",453,399,48
